Freq,Mag,Phase,Coherence
23.4375,-0.54487205,12.181829,3.1061274e-05
35.15625,1.4975225,-14.159597,3.0313679e-05
46.875,6.006761,-14.993412,2.5415215e-05
58.59375,-0.08663086,-19.338554,3.5974746e-05
70.3125,-2.1551404,-46.09275,1.4414678e-05
82.03125,-1.9127762,-57.25648,1.5767604e-05
93.75,-3.1219285,-25.55657,1.7233799e-05
105.46875,-0.8804441,-33.998684,1.3478549e-05
117.1875,0.8863436,-30.204723,1.4034769e-05
128.90625,-0.055723205,17.625849,7.657468e-05
140.625,-3.0784829,-2.8398514,5.7794354e-05
152.34375,4.1467032,-30.515392,2.0262893e-05
164.0625,2.421772,-32.91453,2.0813708e-05
175.78125,0.62347496,10.470068,1.428482e-05
187.5,-3.9405189,-15.938984,2.4351539e-05
199.21875,-4.6117597,-32.572304,6.229163e-06
210.9375,-5.2173247,-67.00837,8.387826e-06
222.65625,3.6656342,-97.26699,1.0027458e-05
234.375,8.975951,-30.174847,7.7443365e-06
246.09375,-1.296229,-56.38942,8.603627e-06
257.8125,4.5215664,-92.965065,2.5328583e-05
269.53125,0.6639736,-107.203316,1.9594292e-05
281.25,1.7569425,-83.240524,1.5255509e-05
292.96875,-3.143991,-114.27041,1.782777e-05
304.6875,-0.42731702,-69.33191,7.123083e-06
316.40625,1.3808995,-94.554474,6.8110594e-06
328.125,2.0558648,-68.25644,5.876681e-06
339.84375,-1.5484886,-5.384081,1.0267565e-05
351.5625,-0.4474643,26.892086,5.4878925e-05
363.28125,-4.618398,1.3259486,5.404071e-06
375.0,-2.445847,21.308603,1.2285254e-05
386.71875,-2.2672057,-2.103528,1.5027375e-05
398.4375,1.2727083,0.029974863,1.8217515e-05
410.15625,-5.769314,-7.9964,1.2658743e-05
421.875,-2.5992203,-38.87522,1.3900972e-05
433.59375,-2.2435625,-12.291084,5.1050442e-06
445.3125,2.9776185,-44.11405,8.662371e-06
457.03125,0.55867046,-81.28083,1.9136543e-05
468.75,-0.09149719,-51.96467,2.0955671e-05
480.46875,-0.77004224,-83.918724,1.6338887e-05
492.1875,-0.2849912,-92.975975,1.2865103e-05
503.90625,0.06489229,-139.44112,6.8043996e-06
515.625,0.634612,-106.08503,3.304577e-05
527.34375,1.8031449,-103.46827,5.344088e-05
539.0625,0.80875444,-89.423775,1.247378e-05
550.78125,-0.012562744,-59.88604,2.9070346e-05
562.5,1.1541238,-48.89125,1.2062745e-05
574.21875,3.3912323,-12.404616,7.691365e-06
585.9375,2.5155187,18.812443,1.1724311e-05
597.65625,0.6950859,22.38155,1.4851303e-05
609.375,1.0046281,59.9325,2.6886775e-05
621.09375,9.91405,35.76954,0.00025393773
632.8125,1.1973386,58.455753,1.7210117e-05
644.53125,-2.8954637,38.027306,5.038223e-06
656.25,-3.8592439,59.045822,1.147669e-05
667.96875,-3.2080402,76.07055,5.7252037e-05
679.6875,-1.0212365,52.293777,5.769439e-06
691.40625,-3.1655202,15.288086,1.390305e-05
703.125,1.7883272,-20.679792,2.7029244e-05
714.84375,-0.4420931,-26.686047,6.402556e-06
726.5625,-0.8687454,-74.41322,5.923708e-06
738.28125,-4.0043354,-25.27074,8.23953e-06
750.0,1.6466341,-62.039967,1.0752555e-05
761.71875,-6.306374,-76.35493,6.5127574e-06
773.4375,-2.6669192,-48.592346,8.932475e-06
785.15625,-0.8432483,-50.77487,1.4586666e-05
796.875,3.3317232,-89.19728,7.2411563e-06
808.59375,2.8585865,-104.24116,9.194012e-06
820.3125,0.16605008,-143.2155,7.996292e-06
832.03125,2.1655366,-108.17435,1.2105524e-05
843.75,-2.7027223,-85.153885,9.208518e-06
855.46875,-0.015742362,-94.30312,1.1378054e-05
867.1875,-1.8011367,-93.64636,1.3369223e-05
878.90625,-0.09645027,-114.79967,1.0759744e-05
890.625,-2.7989602,-135.63477,1.7148705e-05
902.34375,-4.381958,-116.6035,9.155262e-06
914.0625,-2.2986443,-102.585724,1.02873855e-05
925.78125,-3.7656643,-107.22622,7.663521e-06
937.5,1.3849154,-82.23905,5.459795e-06
949.21875,-0.9931014,-91.45508,8.57843e-06
960.9375,-2.6211398,-117.31955,6.908877e-06
972.65625,0.75287986,-86.83692,5.515164e-06
984.375,1.3839347,-85.308655,6.7486203e-06
996.09375,0.4860884,-67.10784,5.5834776e-06
1007.8125,-2.2882218,-92.34558,4.6443274e-06
1019.53125,-0.76871324,-129.32838,1.0035927e-05
1031.25,-3.4206543,-102.6152,2.7408416e-05
1042.96875,-5.5446014,-137.98058,2.7341142e-05
1054.6875,-5.384158,-96.72074,6.5997106e-06
1066.40625,-1.115116,-59.15716,6.6007688e-06
1078.125,4.2022634,-29.058231,7.451178e-06
1089.84375,0.8501409,-51.81186,3.7145714e-06
1101.5625,-0.21748666,-31.630325,3.6856275e-06
1113.28125,-0.8181193,-62.461304,3.841855e-06
1125.0,0.8464478,-53.88367,2.6398925e-06
1136.71875,2.3758423,-66.10122,2.6855937e-06
1148.4375,-0.8959701,-88.256744,2.4965138e-06
1160.15625,-2.2665625,-120.75302,4.6478553e-06
1171.875,-4.067338,-97.07599,3.256567e-06
1183.59375,-0.48353332,-97.71484,6.629819e-06
1195.3125,0.73756355,-95.40816,5.6366453e-06
1207.03125,-1.0793756,-97.16519,7.726461e-06
1218.75,1.040347,-102.49052,8.0495e-06
1230.46875,-2.6947672,-80.39759,8.660738e-06
1242.1875,0.1379621,-81.56497,4.987907e-06
1253.90625,1.2403803,-124.999344,5.061329e-06
1265.625,-4.1160007,-109.10214,2.5046359e-06
1277.34375,-1.4968597,-100.43415,5.0548265e-06
1289.0625,-0.27572393,-40.17117,2.8558622e-06
1300.78125,0.16109121,-71.31085,4.9470086e-06
1312.5,-3.4266236,-88.72857,5.7061884e-06
1324.21875,0.55805147,-104.92107,2.9807682e-06
1335.9375,1.0151626,-67.58712,4.0825125e-06
1347.65625,-0.877394,-27.980858,2.5137151e-06
1359.375,-1.8045454,-90.67822,5.7541306e-06
1371.09375,-0.81992316,-132.50577,4.567776e-06
1382.8125,-1.8557302,-131.16101,3.9830097e-06
1394.53125,-0.25306916,-145.03682,5.585812e-06
1406.25,0.96706355,-110.44615,2.1427174e-06
1417.96875,-1.9535257,-120.06316,5.3183444e-06
1429.6875,3.0180874,-182.89761,6.5843915e-06
1441.40625,3.0690253,-156.88869,4.091066e-06
1453.125,2.4730167,-160.55084,1.2850094e-05
1464.84375,-0.010300368,-124.87059,3.2238183e-06
1476.5625,-1.9539747,-95.22746,5.1788365e-06
1488.28125,2.4263964,-96.23885,3.9422425e-06
1500.0,2.3678353,-75.0911,6.0691054e-06
1511.71875,-1.0735588,-88.792656,1.6556419e-06
1523.4375,-3.8781133,-42.662956,4.2758747e-06
1535.15625,-1.2154915,-38.801163,5.040247e-06
1546.875,2.0142105,-75.7533,3.1917139e-06
1558.59375,1.1652397,-101.1499,7.6272695e-06
1570.3125,0.09933162,-125.140274,4.991599e-06
1582.03125,-1.3007034,-98.35261,6.4497426e-06
1593.75,1.8656006,-101.174225,2.8198967e-06
1605.46875,1.8158783,-132.07202,3.8585626e-06
1617.1875,-0.045963287,-137.77477,3.927687e-06
1628.90625,-0.8131241,-124.28931,4.5928564e-06
1640.625,-4.545551,-128.07524,4.977071e-06
1652.34375,-0.82423115,-143.70903,4.53731e-06
1664.0625,-3.0030665,-124.829124,5.0478234e-06
1675.78125,-4.1893053,-138.54776,4.6911864e-06
1687.5,0.3066694,-142.51634,1.988291e-06
1699.21875,-6.2666616,-93.19484,1.6583723e-06
1710.9375,1.0504682,-116.04889,1.721914e-06
1722.65625,4.24016,-139.8785,2.1668493e-06
1734.375,-0.04939854,-167.90114,3.298167e-06
1746.09375,-0.48223913,-148.76964,2.9488579e-06
1757.8125,-3.3785343,-94.327385,5.240914e-06
1769.53125,-2.4497628,-105.70764,1.565157e-06
1781.25,-3.8468728,-96.8402,4.204252e-06
1792.96875,-0.24292588,-78.083244,2.2021243e-06
1804.6875,-2.4188974,-69.927444,2.043464e-06
1816.40625,-2.7296455,-55.695374,9.758596e-07
1828.125,0.9056138,-44.976692,1.3019301e-06
1839.84375,4.181437,-70.38326,1.9361894e-06
1851.5625,5.1881886,-84.26803,1.6912758e-06
1863.28125,4.384049,-45.809013,5.5029805e-06
1875.0,-3.4523509,-75.75876,1.2367343e-06
1886.71875,-1.157998,-11.007618,1.2783081e-06
1898.4375,1.6271912,7.5039024,1.506819e-06
1910.15625,-4.765806,0.36711884,1.9454194e-06
1921.875,3.6552577,27.453766,1.2712551e-06
1933.59375,-0.3162544,-6.5942535,1.5725597e-06
1945.3125,-2.3882093,-4.6427803,1.0899322e-06
1957.03125,-3.7119875,-15.035454,1.0409385e-06
1968.75,-3.7381456,39.53083,2.091305e-06
1980.46875,0.60101116,66.60951,1.051846e-06
1992.1875,0.42903584,35.301384,9.996694e-07
2003.90625,-2.0883012,9.271942,1.5756759e-06
2015.625,-1.9674172,24.26825,1.927127e-06
2027.34375,-1.8525649,3.6927032,1.5124026e-06
2039.0625,-1.3475285,52.069145,1.730986e-06
2050.78125,-2.7055972,15.043747,2.2203344e-06
2062.5,-3.7039695,59.848248,2.60227e-06
2074.21875,3.645142,46.977512,5.838246e-06
2085.9375,2.8361583,53.824722,4.322203e-06
2097.65625,-2.8998332,18.436974,9.1962403e-07
2109.375,-0.113448784,44.214813,9.731109e-07
2121.09375,0.86866975,25.771835,2.010839e-06
2132.8125,-4.574761,14.971283,1.131181e-06
2144.53125,2.3812544,-13.941795,1.698274e-06
2156.25,-2.0726078,1.4062042,1.4718004e-06
2167.96875,-3.5606058,-59.21031,1.5704968e-06
2179.6875,2.7059002,-25.450989,3.4571467e-06
2191.40625,-2.7474463,-25.531273,3.0840993e-06
2203.125,6.229234,18.128662,4.302771e-06
2214.84375,-3.5201883,53.119904,1.9777067e-06
2226.5625,5.9968896,63.27655,3.542198e-06
2238.28125,-2.6336045,76.80107,3.3228744e-06
2250.0,2.6704757,81.61237,2.0046282e-06
2261.71875,1.856521,91.76592,3.0565466e-06
2273.4375,-3.0714245,151.36737,8.942724e-06
2285.15625,-2.985352,171.28938,2.0430076e-05
2296.875,0.49785697,173.44064,5.64568e-06
2308.59375,-2.5397797,164.759,4.0725145e-06
2320.3125,-3.884338,144.12355,3.7297914e-06
2332.03125,-0.31248912,67.71885,2.1096707e-06
2343.75,-1.8610601,70.840576,4.777309e-06
2355.46875,3.4918845,68.81204,5.0877325e-06
2367.1875,-4.9230185,46.2358,3.7842315e-06
2378.90625,-2.9089198,31.523178,2.1953178e-06
2390.625,-0.476207,27.658554,4.963788e-06
2402.34375,-3.3688385,46.129578,3.6202146e-06
2414.0625,-3.1536527,29.848297,1.184022e-05
2425.78125,-0.10189009,-15.726654,5.2879486e-06
2437.5,0.4725908,-54.499176,1.1965767e-05
2449.21875,-6.7570286,-33.909973,4.4776393e-06
2460.9375,2.0424805,6.6121063,4.850145e-06
2472.65625,3.5990717,22.992935,7.5417624e-06
2484.375,-2.3712108,17.000671,5.073347e-06
2496.09375,1.2726163,-0.12172699,1.1453058e-05
2507.8125,3.00866,31.453041,3.9357433e-06
2519.53125,-0.5950619,70.03612,9.041604e-06
2531.25,0.9700161,47.083633,5.9499644e-06
2542.96875,2.1199749,42.942673,6.7174933e-06
2554.6875,1.7667714,46.103317,6.614166e-06
2566.40625,-0.055721045,68.27763,5.8246856e-06
2578.125,-0.10398489,-3.1483307,4.4733038e-06
2589.84375,-4.533503,-3.6686401,5.8752116e-06
2601.5625,0.35651404,0.68891907,5.805626e-06
2613.28125,-4.714165,17.619904,5.2962805e-06
2625.0,1.3382277,46.983902,5.292539e-06
2636.71875,-1.9299467,69.74093,1.13050055e-05
2648.4375,5.911678,129.21724,5.1338866e-06
2660.15625,-3.9506974,176.90578,1.2393547e-05
2671.875,-3.1609805,219.11212,6.3693847e-06
2683.59375,1.7837992,184.45113,2.665206e-06
2695.3125,4.5151978,209.7815,1.7798764e-05
2707.03125,0.47959888,206.47118,8.64436e-06
2718.75,2.7021682,166.6244,7.532025e-06
2730.46875,2.7146182,167.81714,5.1646657e-06
2742.1875,-1.1605954,149.41248,3.3503243e-06
2753.90625,5.7261167,135.50633,7.283371e-06
2765.625,6.6772947,138.53963,1.7177805e-05
2777.34375,6.6461577,136.61563,5.5692985e-06
2789.0625,4.2975187,153.01517,6.295411e-06
2800.78125,-3.181324,182.83762,9.33769e-06
2812.5,2.528783,190.39708,8.678372e-06
2824.21875,-0.39543992,149.55597,1.0264297e-05
2835.9375,1.0664121,229.83644,7.854681e-06
2847.65625,1.8349328,225.66446,1.1097019e-05
2859.375,1.8893284,226.64629,7.728542e-06
2871.09375,0.5841199,239.05048,8.1096405e-06
2882.8125,-1.3426331,273.38095,1.0443579e-05
2894.53125,2.7302663,279.28424,4.5273327e-06
2906.25,2.5115635,275.55765,6.0116326e-06
2917.96875,2.34407,341.04974,3.5439616e-06
2929.6875,2.410041,311.11102,1.3765416e-05
2941.40625,0.7213861,270.81683,3.92965e-06
2953.125,4.2406373,225.12413,2.4087944e-06
2964.84375,0.9498012,221.80562,2.3410603e-06
2976.5625,-2.9582338,288.77924,2.7521733e-06
2988.28125,-0.66167456,266.3273,3.9124106e-06
3000.0,3.165611,252.85037,8.301208e-06
3011.71875,2.3971326,232.49472,5.472908e-06
3023.4375,-2.5267262,237.27148,3.134948e-06
3035.15625,-7.5917745,254.43811,2.0222662e-06
3046.875,3.705319,298.9804,4.2866723e-06
3058.59375,-3.0697272,283.41095,2.707509e-06
3070.3125,-0.120740116,300.93842,3.3637866e-06
3082.03125,4.2305865,272.0575,1.381839e-06
3093.75,-3.2865176,292.20468,2.6712778e-06
3105.46875,6.8307457,282.77896,6.4155447e-06
3117.1875,3.7637672,322.92584,3.35071e-06
3128.90625,-3.2277288,394.37582,3.134619e-06
3140.625,-2.9285927,384.8482,1.5308152e-06
3152.34375,-8.5878315,381.8296,2.032973e-06
3164.0625,1.8649752,367.52106,4.672493e-06
3175.78125,-0.4652059,327.00323,7.5817707e-06
3187.5,1.6704584,341.91196,6.5388917e-06
3199.21875,2.3752615,257.94693,2.826504e-06
3210.9375,0.39107856,257.27573,1.3655485e-06
3222.65625,1.9041617,220.40414,3.110138e-06
3234.375,6.450554,188.06313,4.1757235e-06
3246.09375,-1.1005107,197.55899,4.029678e-06
3257.8125,-5.3267565,174.79512,4.8926495e-06
3269.53125,-0.33726552,128.41663,2.1481408e-06
3281.25,0.44249988,160.60751,2.6839773e-06
3292.96875,5.6756067,161.00064,2.1902506e-06
3304.6875,1.3493661,180.57214,1.3572284e-06
3316.40625,2.2960656,179.4963,3.62227e-06
3328.125,1.5611311,165.59785,2.4253375e-06
3339.84375,2.9110894,123.86017,1.9749723e-06
3351.5625,2.9656627,141.30774,1.8470315e-06
3363.28125,5.518954,131.98462,1.0584365e-06
3375.0,1.1084564,156.38008,1.7693537e-06
3386.71875,2.4808526,130.20251,1.75179e-06
3398.4375,-2.7083735,120.95183,9.2038084e-07
3410.15625,3.030429,208.60213,3.3054976e-06
3421.875,2.1987467,190.44682,1.4250406e-06
3433.59375,2.2625432,170.80191,1.6528292e-06
3445.3125,1.1889383,125.10328,2.0166174e-06
3457.03125,6.4176235,125.666695,1.8066105e-06
3468.75,1.5991707,164.16881,2.3253442e-06
3480.46875,1.569409,177.07721,1.8867711e-06
3492.1875,2.162537,190.03336,2.008889e-06
3503.90625,-2.3343914,192.283,1.2997493e-06
3515.625,-0.90286434,174.45992,2.5906966e-06
3527.34375,-4.7476797,200.01163,5.178352e-06
3539.0625,-0.3927678,224.49088,4.0081513e-06
3550.78125,0.13310117,246.70456,3.044215e-06
3562.5,-1.3690094,245.73724,1.7895298e-06
3574.21875,-0.701218,266.4566,1.8832859e-06
3585.9375,-5.3774457,257.50327,3.5965572e-06
3597.65625,-5.890333,331.30634,2.68262e-06
3609.375,-3.4305336,337.93585,2.339737e-06
3621.09375,-3.5548167,300.87396,2.197121e-06
3632.8125,-4.005086,309.63724,1.7925584e-06
3644.53125,-3.9085736,299.23825,1.7279979e-06
3656.25,-1.135733,317.06628,1.3683862e-06
3667.96875,-5.7769165,252.26468,1.8809253e-06
3679.6875,-6.385938,204.3246,2.3447187e-06
3691.40625,-8.094441,183.48105,1.2084955e-06
3703.125,-4.811649,212.07031,1.1946302e-06
3714.84375,-1.5647125,284.1395,1.2604356e-06
3726.5625,-3.7757716,336.5303,1.0021522e-06
3738.28125,-5.760932,291.72083,8.333136e-07
3750.0,-3.4450083,317.23508,1.6933091e-06
3761.71875,-3.338116,306.69937,2.2253369e-06
3773.4375,-5.0930724,342.39725,1.4401215e-06
3785.15625,-2.492229,382.11594,2.6285459e-06
3796.875,1.683879,437.31403,1.4666776e-06
3808.59375,-5.777975,440.71127,1.6339859e-06
3820.3125,1.7965763,408.7274,1.0953675e-06
3832.03125,-1.6778045,440.74533,1.6214568e-06
3843.75,1.9226788,372.21802,1.4122838e-06
3855.46875,-0.6613832,396.8002,2.5831057e-06
3867.1875,-1.5883399,430.9875,1.6012082e-06
3878.90625,6.2210174,453.92938,1.2039474e-06
3890.625,2.751262,457.78485,2.6151474e-06
3902.34375,5.251136,466.16238,1.9612148e-06
3914.0625,5.4144754,525.1608,1.5106543e-06
3925.78125,-2.3151002,486.44836,1.7666761e-06
3937.5,-3.2197576,532.3261,2.2295735e-06
3949.21875,5.2309923,496.99713,2.4097267e-06
3960.9375,3.5802279,483.34772,3.8855496e-06
3972.65625,3.8023176,505.79617,3.2413063e-06
3984.375,8.944315,554.10815,1.567153e-06
3996.09375,6.019519,588.16046,2.2787597e-06
4007.8125,6.143432,570.31323,9.363789e-07
4019.53125,2.7198687,680.2608,1.2152684e-06
4031.25,8.047623,654.21106,1.1005333e-06
4042.96875,1.9625615,665.6279,1.7019122e-06
4054.6875,10.120995,696.9181,1.7691357e-06
4066.40625,-1.7633984,689.69824,1.8814592e-06
4078.125,2.0143552,722.90186,2.628546e-06
4089.84375,4.557079,765.75574,1.7509769e-06
4101.5625,0.3184825,778.24884,1.2182422e-06
4113.28125,-0.25994968,783.9238,2.0182244e-06
4125.0,-1.5808516,795.3362,1.7562365e-06
4136.71875,-3.0405886,789.0107,1.0950023e-06
4148.4375,4.589198,806.00684,1.1287667e-06
4160.15625,-2.5902936,800.5126,1.7914933e-06
4171.875,1.5122166,832.78284,1.124246e-06
4183.59375,-2.3968658,837.1728,1.2794884e-06
4195.3125,-1.2463456,811.79315,1.9662864e-06
4207.03125,-2.913166,802.2975,2.1602634e-06
4218.75,4.5676517,808.2258,2.3450693e-06
4230.46875,-4.595372,744.0503,1.7512801e-06
4242.1875,-0.6766623,740.1688,1.6588139e-06
4253.90625,1.0960122,741.702,1.9424913e-06
4265.625,-3.9708755,743.2949,8.1853983e-07
4277.34375,-4.3092313,800.6056,2.3216417e-06
4289.0625,-3.5588737,727.7361,8.475542e-07
4300.78125,-0.6251381,730.9945,2.1467902e-06
4312.5,-2.1837294,716.03326,2.1586397e-06
4324.21875,-3.460358,721.7976,2.466366e-06
4335.9375,3.4631093,727.2471,1.5545211e-06
4347.65625,-5.0286484,735.0293,2.5255288e-06
4359.375,-4.2337337,758.6763,1.8701646e-06
4371.09375,-6.081042,794.83856,1.9699637e-06
4382.8125,-0.9185113,748.4979,1.505305e-06
4394.53125,-7.7649126,689.49634,1.1249641e-06
4406.25,-4.6864257,700.1443,1.1145949e-06
4417.96875,0.10310924,684.77637,1.1659217e-06
4429.6875,-4.2376113,663.0045,5.733025e-07
4441.40625,0.17377687,641.27924,1.1050921e-06
4453.125,1.0359637,623.66516,8.517149e-07
4464.84375,0.0324357,681.06213,5.7649595e-07
4476.5625,0.20884717,693.56006,7.6649053e-07
4488.28125,1.3460339,692.28345,1.3480334e-06
4500.0,-3.8890758,674.15106,6.3808244e-07
4511.71875,1.0010837,638.38684,8.858993e-07
4523.4375,6.6449175,590.1114,8.411662e-07
4535.15625,0.4187856,590.5378,1.4101693e-06
4546.875,6.3596134,542.0749,1.1333392e-06
4558.59375,1.9290175,562.2398,8.929052e-07
4570.3125,2.6517458,580.1739,9.629052e-07
4582.03125,1.376481,551.8196,6.628115e-07
4593.75,1.275963,568.7966,1.2604465e-06
4605.46875,3.9710906,549.1218,9.0880354e-07
4617.1875,6.644609,565.3794,1.0476634e-06
4628.90625,0.59332883,588.38367,1.0581759e-06
4640.625,1.1917541,607.62775,2.1277415e-06
4652.34375,-2.0720468,626.4464,1.0148312e-06
4664.0625,7.042889,595.32684,1.392747e-06
4675.78125,5.0550256,606.9398,7.6953916e-07
4687.5,-0.19588214,577.1107,2.3364585e-06
4699.21875,-1.8897085,601.2001,3.856293e-06
4710.9375,3.9792202,573.04803,2.608189e-06
4722.65625,-3.2126243,587.1252,3.040379e-06
4734.375,-3.848302,602.418,1.1159615e-06
4746.09375,2.9546757,571.88586,2.5429604e-06
4757.8125,-4.63031,604.4117,1.9360295e-06
4769.53125,-2.6058831,558.3803,4.784558e-06
4781.25,-3.6550293,529.70013,2.8970012e-06
4792.96875,-1.2454007,540.78253,3.121107e-06
4804.6875,-0.7306189,519.5468,2.8392392e-06
4816.40625,-1.4291337,556.26483,2.6995865e-06
4828.125,-2.9973922,544.0867,1.0869527e-06
4839.84375,-2.9292006,562.8155,2.7170133e-06
4851.5625,-2.3803673,550.9593,4.4634253e-06
4863.28125,5.2789416,556.69244,2.2429201e-06
4875.0,3.3658414,556.6238,9.932144e-07
4886.71875,4.06043,524.7134,1.7412376e-06
4898.4375,-2.3791437,469.38263,3.6021568e-06
4910.15625,1.9071902,463.3548,3.814359e-06
4921.875,-4.599442,484.11133,1.9141796e-06
4933.59375,-2.9867687,462.7919,2.264063e-06
4945.3125,3.9930468,464.34702,1.9237443e-06
4957.03125,-1.7377708,467.44473,3.7090708e-06
4968.75,-6.692354,446.47177,2.6054354e-06
4980.46875,-1.1962476,492.5252,6.2399904e-06
4992.1875,-1.1985695,455.63992,4.344114e-06
5003.90625,-2.601023,436.5716,3.572839e-06
5015.625,-4.326525,464.2951,6.630359e-06
5027.34375,-0.79677737,458.76404,2.3750158e-06
5039.0625,-3.0346372,424.79337,3.2267299e-06
5050.78125,0.8884131,457.25763,1.5068214e-06
5062.5,-0.74768484,482.52603,2.289247e-06
5074.21875,-1.4851918,482.61304,3.48831e-06
5085.9375,-1.0727309,518.60114,2.3099221e-06
5097.65625,-2.4765987,494.0364,1.7091472e-06
5109.375,1.383681,505.9788,3.0692327e-06
5121.09375,-1.7719764,531.8394,2.3011642e-06
5132.8125,-1.9519644,524.2924,3.7028053e-06
5144.53125,-2.978629,543.2298,1.6850979e-06
5156.25,-4.4650006,587.90607,9.077622e-07
5167.96875,-4.3206134,600.8222,1.717722e-06
5179.6875,0.97784364,641.1275,4.0346395e-06
5191.40625,-1.1924183,636.25946,2.296663e-06
5203.125,0.34629604,621.82104,2.9082937e-06
5214.84375,-3.1171718,631.1,5.0038975e-06
5226.5625,-4.2285013,617.1735,3.971023e-06
5238.28125,-0.38281775,617.6351,3.5048974e-06
5250.0,-2.0160387,605.3637,7.1641152e-06
5261.71875,2.0458658,583.9055,5.25157e-06
5273.4375,-2.3049996,594.4752,3.036544e-06
5285.15625,-3.2427497,595.2486,3.5661124e-06
5296.875,-0.013578333,563.2572,4.849325e-06
5308.59375,0.46890098,610.51117,5.734976e-06
5320.3125,0.50424796,599.7413,3.7366942e-06
5332.03125,2.3869061,579.3786,4.4269027e-06
5343.75,1.4057155,593.283,3.8148296e-06
5355.46875,2.7339377,577.3553,5.434667e-06
5367.1875,0.3575481,571.3631,5.9079885e-06
5378.90625,2.607276,581.8052,3.9901934e-06
5390.625,3.1483235,592.57153,4.9239784e-06
5402.34375,4.779575,607.0881,3.843686e-06
5414.0625,0.9849853,599.7946,2.5383956e-06
5425.78125,2.2640293,619.8613,5.9946506e-06
5437.5,2.7569554,642.36865,9.227101e-06
5449.21875,-0.36840594,641.162,3.5393653e-06
5460.9375,1.6001585,646.37476,5.420977e-06
5472.65625,4.277867,668.2692,4.841522e-06
5484.375,0.6818286,623.6554,8.219362e-06
5496.09375,-2.5881011,668.68414,4.359749e-06
5507.8125,0.38100845,654.0778,5.1404254e-06
5519.53125,2.0994587,654.02704,2.6969776e-06
5531.25,4.56872,691.86755,2.3647174e-06
5542.96875,2.105589,674.3322,4.415818e-06
5554.6875,2.956094,666.17786,3.835219e-06
5566.40625,-1.3281769,625.7765,3.2225678e-06
5578.125,-0.57830346,652.52234,2.361037e-06
5589.84375,1.0222503,740.8846,3.5859096e-06
5601.5625,-1.9522891,700.9763,8.15884e-06
5613.28125,2.2473996,707.3346,4.799155e-06
5625.0,1.3413305,688.3527,3.3619222e-06
5636.71875,0.3398661,718.71497,2.3760037e-06
5648.4375,2.3710124,689.2809,5.313853e-06
5660.15625,1.7536181,699.4233,2.4840394e-06
5671.875,3.0705142,687.07623,3.1806946e-06
5683.59375,1.5117939,684.2894,3.5660098e-06
5695.3125,-1.2119898,703.7307,3.867259e-06
5707.03125,4.5032387,722.3772,4.2586403e-06
5718.75,3.5845742,676.35455,3.579793e-06
5730.46875,-0.50929177,672.31525,3.2656023e-06
5742.1875,-0.74480647,633.938,2.750334e-06
5753.90625,-0.20149001,644.6422,3.8108697e-06
5765.625,5.703687,589.7926,4.746741e-06
5777.34375,3.450651,622.5719,5.7835728e-06
5789.0625,-0.03632775,632.2478,4.6669943e-06
5800.78125,-1.2915487,697.1345,2.9649893e-06
5812.5,-1.5190784,717.0435,2.9533057e-06
5824.21875,-2.118567,713.9186,2.0789184e-06
5835.9375,-1.5195836,671.01556,2.5380205e-06
5847.65625,-6.6814213,713.1338,2.2757933e-06
5859.375,-4.2436633,696.3726,4.2665647e-06
5871.09375,-3.6298256,693.4877,5.0400376e-06
5882.8125,-5.474859,707.8797,3.7673049e-06
5894.53125,-0.45399553,716.71875,5.664575e-06
5906.25,-0.83876276,694.0861,5.6666677e-06
5917.96875,-1.9952877,716.77106,5.0043413e-06
5929.6875,1.3104751,717.6823,2.8266822e-06
5941.40625,-2.28216,771.6083,4.7100207e-06
5953.125,-2.643042,783.577,3.8154876e-06
5964.84375,-4.767815,769.51025,4.4513968e-06
5976.5625,-3.7012634,735.3044,5.0542285e-06
5988.28125,0.040802002,734.874,2.8561417e-06
6000.0,-1.9932096,700.79834,3.6268261e-06
6011.71875,-2.1157763,689.10657,8.027266e-06
6023.4375,-1.789274,696.85455,4.6371156e-06
6035.15625,-0.16373205,671.619,3.0835579e-06
6046.875,-2.4899685,691.8209,6.8668255e-06
6058.59375,1.4991757,647.282,5.726506e-06
6070.3125,-0.9059794,630.328,5.2369974e-06
6082.03125,1.3215909,589.19336,5.680447e-06
6093.75,-6.08154,613.5602,4.3303958e-06
6105.46875,-3.2882013,586.24945,6.3542147e-06
6117.1875,-5.336381,601.5998,6.1927217e-06
6128.90625,4.697535,598.42725,6.1900664e-06
6140.625,1.2408191,627.2653,1.1101162e-05
6152.34375,-0.33598626,621.6224,9.6377e-06
6164.0625,-0.9360609,608.70105,3.440222e-06
6175.78125,1.9414821,600.7767,4.295124e-06
6187.5,1.6180766,623.5483,4.435474e-06
6199.21875,0.9379302,689.1603,2.840217e-06
6210.9375,2.6281562,700.746,3.1198738e-06
6222.65625,-6.5212965,690.1671,4.5201723e-06
6234.375,1.0242182,740.98303,3.9494257e-06
6246.09375,-1.0400716,763.06635,4.4238514e-06
6257.8125,3.3446734,759.9455,5.546061e-06
6269.53125,-0.57175785,722.37,3.1484215e-06
6281.25,3.9680953,744.3157,3.9501087e-06
6292.96875,1.6090702,729.2703,5.096578e-06
6304.6875,-0.25275373,703.3937,4.7797453e-06
6316.40625,0.07158904,713.77466,5.2531486e-06
6328.125,1.2291627,717.2731,2.4242302e-06
6339.84375,-2.5661187,663.5186,2.5141796e-06
6351.5625,7.370969,662.9899,8.271372e-06
6363.28125,0.6236137,640.9785,4.428741e-06
6375.0,3.020733,602.7297,5.299724e-06
6386.71875,2.510406,594.4664,5.138677e-06
6398.4375,0.06877786,613.04065,5.2013083e-06
6410.15625,3.472347,577.3673,6.614981e-06
6421.875,4.125721,549.21265,8.943767e-06
6433.59375,-1.6221553,529.5688,1.186813e-05
6445.3125,6.805935,593.56744,5.7803272e-06
6457.03125,-5.1206264,548.5569,9.611633e-06
6468.75,2.4727113,555.774,5.952288e-06
6480.46875,1.1035181,543.1679,2.1299256e-05
6492.1875,-1.5335472,592.9364,1.806215e-05
6503.90625,2.884553,575.618,2.5687383e-05
6515.625,3.3684473,561.36145,1.3763082e-05
6527.34375,0.8549411,599.22217,2.8138918e-05
6539.0625,-6.7301736,565.5077,1.2736186e-05
6550.78125,-1.885531,608.8077,1.8753406e-05
6562.5,-1.8135087,591.5431,1.3038529e-05
6574.21875,1.2626133,584.5811,1.6352673e-05
6585.9375,-1.1089555,590.5661,1.7433178e-05
6597.65625,0.18418422,582.7115,2.0782536e-05
6609.375,-7.691798,567.4852,8.584972e-06
6621.09375,-0.095725,608.0032,1.9369914e-05
6632.8125,0.1940228,614.43634,2.6308064e-05
6644.53125,-2.9999373,588.4907,1.3580871e-05
6656.25,-4.332311,624.7442,3.0408828e-05
6667.96875,-1.5351655,636.2706,1.3700528e-05
6679.6875,-0.6084705,638.95105,2.0347405e-05
6691.40625,-1.6784675,651.5373,1.2686914e-05
6703.125,1.4102256,622.13025,3.086398e-05
6714.84375,-1.8193842,635.8237,2.6831734e-05
6726.5625,0.80422324,608.6118,3.0177423e-05
6738.28125,-0.6315575,647.6153,2.5921643e-05
6750.0,-1.4188954,627.1319,1.9024448e-05
6761.71875,-2.1324565,627.56116,2.5136418e-05
6773.4375,-0.93660975,643.0559,1.9166713e-05
6785.15625,-6.8808517,644.12866,1.8581517e-05
6796.875,0.632058,661.68774,3.74036e-05
6808.59375,-0.17175889,642.98096,2.4347106e-05
6820.3125,-1.3682861,632.4915,3.2313517e-05
6832.03125,-2.730841,633.942,3.7750528e-05
6843.75,-8.007004,613.24603,1.9481797e-05
6855.46875,-6.883917,619.6138,2.4883124e-05
6867.1875,-3.075612,685.5624,1.4620246e-05
6878.90625,-2.208622,672.7366,2.2426959e-05
6890.625,-2.8022733,670.99023,1.7491568e-05
6902.34375,-5.612302,680.18,2.1219552e-05
6914.0625,0.40165305,670.21594,2.8530994e-05
6925.78125,-6.150481,665.94305,1.5820659e-05
6937.5,-3.553402,652.72644,2.0467138e-05
6949.21875,1.9472227,642.714,3.0282486e-05
6960.9375,-0.8803707,643.3146,6.876592e-05
6972.65625,-3.1781611,641.4962,2.0281603e-05
6984.375,-2.9064617,678.3535,2.663089e-05
6996.09375,-4.4114437,645.60876,1.8761924e-05
7007.8125,-3.856766,688.50366,2.0481706e-05
7019.53125,-3.110114,662.3584,2.0671512e-05
7031.25,-5.8993473,657.0112,2.5049309e-05
7042.96875,-5.0807033,645.11005,3.0832976e-05
7054.6875,0.38647583,676.5858,6.2993684e-05
7066.40625,-3.0293632,670.0598,4.3068187e-05
7078.125,0.1345495,665.07715,4.258423e-05
7089.84375,-0.17205226,649.9254,6.5291766e-05
7101.5625,1.0372373,654.853,7.81651e-05
7113.28125,-2.3394651,678.8341,4.6921174e-05
7125.0,-0.5203512,659.04553,7.8493154e-05
7136.71875,2.1244583,642.7058,0.000110205314
7148.4375,3.2520955,621.74524,0.00018591665
7160.15625,1.1309927,604.9919,0.000104938634
7171.875,0.8067828,609.46625,0.00013799698
7183.59375,-2.9258318,598.2095,0.00016385567
7195.3125,-2.0284665,635.243,0.00021684013
7207.03125,2.436193,619.9387,0.00015427881
7218.75,-1.051144,639.0384,0.00023748241
7230.46875,0.83725566,628.5051,0.00021505747
7242.1875,-2.9836826,616.9101,0.00022452413
7253.90625,-1.2721559,602.4388,0.00028152796
7265.625,2.624888,602.12897,0.00029044834
7277.34375,0.53994274,594.50305,0.00039253375
7289.0625,-2.6605003,551.0515,0.00029712686
7300.78125,-1.6092362,497.6272,0.00035206001
7312.5,0.3699733,521.7881,0.00032292816
7324.21875,1.0594897,485.85522,0.00035741593
7335.9375,1.268477,473.58466,0.00037797488
7347.65625,-2.149801,446.73572,0.00036310236
7359.375,-0.7667096,503.714,0.00037604023
7371.09375,-2.24257,477.59137,0.00033358217
7382.8125,3.113397,461.58215,0.0003564084
7394.53125,3.0542545,442.912,0.0003724015
7406.25,4.505845,458.88098,0.00026745576
7417.96875,1.5162767,481.9532,0.0003266
7429.6875,-2.851934,437.5374,0.00031936294
7441.40625,1.23401,411.89975,0.00030501446
7453.125,2.3114312,436.2279,0.00028335446
7464.84375,-4.6630144,420.14493,0.00037299294
7476.5625,6.4057674,390.39322,0.00026223398
7488.28125,2.1970794,397.34247,0.000212433
7500.0,1.9764313,393.85687,0.00021287393
7511.71875,3.4337127,382.5856,0.00024706105
7523.4375,-4.6159015,390.76495,0.00017561916
7535.15625,2.3555763,404.81677,0.00018648172
7546.875,-4.4470954,423.799,0.00017465206
7558.59375,1.0901246,403.89777,0.00015603985
7570.3125,2.5257983,402.41882,0.00014045252
7582.03125,3.2291265,372.01575,0.0001390746
7593.75,-0.46180555,346.2669,0.00012260648
7605.46875,-1.662446,401.38364,0.00014242477
7617.1875,-4.2602406,400.1742,0.000100631514
7628.90625,2.0765233,425.81268,9.190385e-05
7640.625,-4.4378586,391.6853,0.00010364168
7652.34375,-1.0446703,391.37927,7.415381e-05
7664.0625,-1.7579254,393.41748,5.359195e-05
7675.78125,0.6891198,454.3108,3.4410492e-05
7687.5,-0.018329144,461.88147,4.8214344e-05
7699.21875,-0.011055112,457.3686,8.349927e-05
7710.9375,-0.48957914,444.10745,3.954386e-05
7722.65625,-2.7522104,418.6775,3.4300425e-05
7734.375,0.07053372,425.41467,4.1314866e-05
7746.09375,2.5243194,444.24298,2.22352e-05
7757.8125,0.115394056,469.7327,2.6228381e-05
7769.53125,-4.9978123,463.51263,3.0537136e-05
7781.25,2.6164117,477.12927,3.8344606e-05
7792.96875,2.5919542,497.27258,2.5806845e-05
7804.6875,1.7710128,455.8743,2.6551572e-05
7816.40625,-2.691063,413.91364,4.655854e-05
7828.125,-3.228138,353.8672,2.959668e-05
7839.84375,-0.37023243,358.5512,2.4145833e-05
7851.5625,-0.42687035,319.8784,1.716018e-05
7863.28125,-1.252015,343.48914,2.7732105e-05
7875.0,-3.0346515,367.52313,3.05791e-05
7886.71875,-0.6643554,370.25668,2.4797344e-05
7898.4375,-2.0963237,414.9928,1.7282633e-05
7910.15625,2.4200516,417.61713,2.1374313e-05
7921.875,3.4733334,407.17938,2.231538e-05
7933.59375,-2.6396997,484.9735,2.6983422e-05
7945.3125,-1.2989697,505.06598,1.9194305e-05
7957.03125,-2.7804368,492.88556,2.5467127e-05
7968.75,-5.586164,497.73984,4.0023056e-05
7980.46875,3.5200846,500.16364,1.9460384e-05
7992.1875,0.51803136,448.56982,3.035479e-05
8003.90625,-0.951817,467.40967,2.1535967e-05
8015.625,0.7509451,438.90216,2.2301643e-05
8027.34375,-3.424528,454.82178,1.3965338e-05
8039.0625,0.03312038,460.56042,2.4067724e-05
8050.78125,0.1479609,458.9004,1.2508299e-05
8062.5,-0.70789576,471.43085,3.6971716e-05
8074.21875,-2.516427,480.07733,2.1788384e-05
8085.9375,-4.0066576,502.4583,1.4245104e-05
8097.65625,-1.0095384,580.2091,2.0991623e-05
8109.375,0.16545957,616.3251,5.4017055e-05
8121.09375,-1.8242944,588.18463,1.0453917e-05
8132.8125,-5.035631,583.1396,2.1699534e-05
8144.53125,-4.244731,561.31506,1.5918493e-05
8156.25,-5.0705943,568.7048,2.288113e-05
8167.96875,-5.6845565,588.1452,2.6721384e-05
8179.6875,-0.81608427,599.4707,2.1059795e-05
8191.40625,-1.802978,622.75183,1.5653652e-05
8203.125,-2.616102,593.5355,1.840193e-05
8214.84375,3.5476584,574.32837,8.895916e-06
8226.5625,-3.0324733,605.9851,1.8132407e-05
8238.28125,0.14713264,586.6753,1.2688096e-05
8250.0,-1.6514834,611.6452,1.748635e-05
8261.71875,-0.059991598,580.6239,1.1967224e-05
8273.4375,0.74125016,596.7948,1.707526e-05
8285.15625,0.17348623,593.5344,1.37528405e-05
8296.875,-6.8497715,571.922,4.600379e-06
8308.59375,-3.0120275,606.49866,1.5945492e-05
8320.3125,2.649133,576.5872,2.3360937e-05
8332.03125,-3.21764,635.4788,1.0992841e-05
8343.75,-0.5918494,651.49585,9.199523e-06
8355.46875,-6.919526,594.806,1.661455e-05
8367.1875,2.3326492,625.5308,8.558852e-06
8378.90625,-0.5752568,596.503,1.3918925e-05
8390.625,4.0431967,608.2914,1.639543e-05
8402.34375,-5.5454073,668.9252,1.4576328e-05
8414.0625,-6.242413,668.6726,1.7708771e-05
8425.78125,-3.9050562,712.60236,1.2089532e-05
8437.5,0.76222247,734.2494,1.657194e-05
8449.21875,1.1088356,740.6254,1.3509323e-05
8460.9375,1.7831134,738.0128,1.3895575e-05
8472.65625,-1.1947193,776.34656,1.1242772e-05
8484.375,-6.280865,811.41644,2.3257366e-05
8496.09375,-0.4575296,830.8478,1.7919027e-05
8507.8125,-0.6288567,865.8207,1.5188934e-05
8519.53125,0.45546493,800.77344,1.6800559e-05
8531.25,-0.8073968,795.85284,1.3839688e-05
8542.96875,0.69890726,835.4561,1.6530203e-05
8554.6875,3.824335,825.53796,1.4748246e-05
8566.40625,-0.2206968,835.555,1.089045e-05
8578.125,0.6865142,859.6804,6.7208925e-06
8589.84375,4.7291646,887.8003,1.30376575e-05
8601.5625,0.30876577,858.83325,1.2009451e-05
8613.28125,-3.884416,865.9425,1.0954688e-05
8625.0,-7.3088293,863.0797,1.5119546e-05
8636.71875,-4.578903,869.75867,1.1285376e-05
8648.4375,-1.3741024,844.3975,1.0380852e-05
8660.15625,1.3246408,805.87195,1.0493976e-05
8671.875,-3.0672233,794.87537,6.0252273e-06
8683.59375,-0.44632772,799.8416,9.081563e-06
8695.3125,-6.590299,800.12354,5.8293685e-06
8707.03125,-4.2154646,795.2451,1.34643415e-05
8718.75,-7.3435183,825.2343,6.983765e-06
8730.46875,-5.163848,854.6393,6.6263565e-06
8742.1875,-3.0268624,831.3061,4.2359006e-06
8753.90625,0.63437235,871.0278,6.873386e-06
8765.625,-0.9893042,872.5054,6.6630987e-06
8777.34375,-5.3293724,895.2428,6.3609677e-06
8789.0625,-3.83397,904.8241,5.8145306e-06
8800.78125,-0.45620725,933.38074,7.721508e-06
8812.5,0.32523957,902.2675,1.0710833e-05
8824.21875,-2.553083,904.40564,6.1747237e-06
8835.9375,-1.1685449,910.2845,8.633648e-06
8847.65625,1.7829262,896.7133,5.0721897e-06
8859.375,-1.6767557,911.49133,8.291581e-06
8871.09375,-2.2783623,901.74805,8.32668e-06
8882.8125,-2.7549028,844.55176,4.1167877e-06
8894.53125,-2.351388,913.41644,8.442129e-06
8906.25,-1.4598205,890.5652,1.1916475e-05
8917.96875,0.9399242,918.28174,9.89659e-06
8929.6875,-2.2989469,927.1581,5.96819e-06
8941.40625,-2.013769,888.53613,8.103471e-06
8953.125,-2.4320269,898.9309,6.5058657e-06
8964.84375,-4.362858,865.701,8.19735e-06
8976.5625,1.1047794,888.6824,9.076114e-06
8988.28125,-3.915001,891.1937,8.8694205e-06
9000.0,-2.8129723,898.2499,1.112125e-05
9011.71875,0.7686075,906.8252,7.793621e-06
9023.4375,-0.6700173,905.5718,5.61847e-06
9035.15625,-3.8021154,879.90594,6.6720463e-06
9046.875,-2.611112,876.1055,5.7952707e-06
9058.59375,-2.1706383,927.31,6.495545e-06
9070.3125,-3.801956,859.19165,6.926502e-06
9082.03125,0.5261748,895.3336,4.5687893e-06
9093.75,-0.21012062,928.81006,8.485121e-06
9105.46875,0.5170461,922.46436,4.972453e-06
9117.1875,-2.423377,916.41656,5.51616e-06
9128.90625,-2.2318065,883.0962,5.712931e-06
9140.625,-3.1864974,834.996,6.2180056e-06
9152.34375,3.5997384,853.11865,4.2463803e-06
9164.0625,0.5893402,891.9791,5.082893e-06
9175.78125,-3.18642,940.09125,2.509291e-06
9187.5,1.3792366,999.33014,4.008077e-06
9199.21875,-0.7562305,1016.2666,5.084664e-06
9210.9375,-0.5559403,1042.8412,1.6360491e-06
9222.65625,-1.7671666,1032.0768,1.5761325e-06
9234.375,1.9237928,1024.4761,2.9491455e-06
9246.09375,-1.8287697,1089.374,3.9245474e-06
9257.8125,-1.9737322,1132.0712,2.738618e-06
9269.53125,-1.1609238,1097.9543,4.7703606e-06
9281.25,-2.619269,1107.7214,3.1823286e-06
9292.96875,-1.5806688,1080.8254,3.0602966e-06
9304.6875,0.3197653,1093.2986,1.9708348e-06
9316.40625,0.3849275,1126.5657,2.4419937e-06
9328.125,-6.659682,1164.2379,2.810699e-06
9339.84375,-3.0308893,1192.1665,3.4474288e-06
9351.5625,-3.7252507,1167.9768,1.602079e-06
9363.28125,-5.60894,1141.4414,2.6365565e-06
9375.0,-6.371042,1161.4122,3.0494393e-06
9386.71875,-1.3741653,1114.102,2.498443e-06
9398.4375,-1.0389149,1113.5857,2.0467664e-06
9410.15625,-3.2168443,1155.5869,2.6496414e-06
9421.875,2.3155398,1213.8396,2.5992415e-06
9433.59375,0.93883497,1203.7019,1.918253e-06
9445.3125,-1.4358597,1235.8927,3.1353352e-06
9457.03125,-3.2005806,1230.9338,2.3962325e-06
9468.75,-0.62888056,1264.4495,4.087504e-06
9480.46875,-3.412752,1239.6655,2.9521007e-06
9492.1875,-5.061698,1216.3105,1.5618411e-06
9503.90625,-8.17219,1178.3951,2.1921433e-06
9515.625,3.5246596,1180.9983,2.7911876e-06
9527.34375,3.1355243,1173.9811,2.001537e-06
9539.0625,0.9182874,1211.7052,2.9621579e-06
9550.78125,-5.613596,1231.1426,1.328375e-06
9562.5,-6.8893857,1250.4271,3.4183909e-06
9574.21875,-6.8897905,1255.3608,2.2013019e-06
9585.9375,0.43163586,1204.329,1.4091253e-06
9597.65625,-1.2692182,1128.8875,2.4012386e-06
9609.375,1.7665405,1142.3041,2.7123037e-06
9621.09375,1.181919,1115.777,2.2616023e-06
9632.8125,-5.8889503,1112.6547,2.1523272e-06
9644.53125,-5.7854896,1133.2456,2.3813336e-06
9656.25,-2.72412,1115.1731,1.8822589e-06
9667.96875,-0.19005764,1162.369,1.8520475e-06
9679.6875,-2.1092067,1158.2456,1.7416377e-06
9691.40625,-2.4690502,1113.3789,2.0061782e-06
9703.125,-1.6723049,1115.783,1.4814894e-06
9714.84375,0.5394964,1121.9531,1.931753e-06
9726.5625,-9.17784,1085.7242,1.1478935e-06
9738.28125,-3.900671,1046.6931,3.2001985e-06
9750.0,-3.725624,1041.0422,8.306837e-07
9761.71875,-9.344191,1051.5682,1.5308485e-06
9773.4375,-7.245517,1082.0602,1.9745787e-06
9785.15625,-4.2544546,1106.5898,1.0949229e-06
9796.875,4.4363737,1119.4004,9.905028e-07
9808.59375,-1.9192961,1110.2334,8.0593026e-07
9820.3125,4.6936083,1132.3087,9.2304157e-07
9832.03125,-2.6609383,1155.787,7.7182943e-07
9843.75,-3.9905925,1158.0981,1.5229723e-06
9855.46875,1.2977313,1221.9053,9.474946e-07
9867.1875,1.5042517,1224.6259,1.2241826e-06
9878.90625,3.0168457,1221.3591,7.793619e-07
9890.625,2.1835253,1293.3431,1.1177156e-06
9902.34375,1.5590775,1338.4912,1.5252974e-06
9914.0625,-4.191503,1304.7538,1.7866186e-06
9925.78125,-0.84905887,1291.8103,1.0515713e-06
9937.5,1.8590294,1354.2991,1.1015002e-06
9949.21875,-1.0060248,1335.7467,1.0897629e-06
9960.9375,-6.650915,1320.9773,6.7815586e-07
9972.65625,0.12354694,1340.792,1.4848819e-06
9984.375,-3.1242142,1288.2699,1.1383535e-06
9996.09375,-1.2902383,1292.3545,1.1580667e-06
10007.8125,1.9360161,1265.4176,1.1529281e-06
10019.53125,-1.1496096,1283.7074,9.2020343e-07
10031.25,0.7980555,1267.0217,1.4883253e-06
10042.96875,1.4877591,1260.0747,9.815496e-07
10054.6875,-3.265836,1246.7479,4.9205386e-07
10066.40625,-1.3655866,1225.176,6.5299594e-07
10078.125,1.3614622,1241.1362,1.0891181e-06
10089.84375,-1.3699254,1223.8816,6.1099325e-07
10101.5625,-7.4328446,1177.7491,7.85432e-07
10113.28125,-1.828126,1171.0271,7.3951924e-07
10125.0,-5.552139,1142.8293,7.0254265e-07
10136.71875,-4.685869,1127.6492,3.535655e-07
10148.4375,-3.937934,1103.401,7.827206e-07
10160.15625,2.8420148,1099.3967,9.338271e-07
10171.875,-1.1548634,1039.6777,3.8059252e-07
10183.59375,5.893321,1061.1112,4.143582e-07
10195.3125,-2.2061367,1064.2283,3.9711585e-07
10207.03125,1.1408854,1012.6076,4.7539564e-07
10218.75,-0.113747984,987.3259,6.078987e-07
10230.46875,-1.3558174,944.40564,7.243694e-07
10242.1875,1.7114966,930.79956,7.087534e-07
10253.90625,-4.1535573,950.98224,4.4598e-07
10265.625,2.5414412,942.0581,4.0103103e-07
10277.34375,-0.23450994,904.33325,5.3519443e-07
10289.0625,5.7905593,857.69653,4.2943776e-07
10300.78125,-1.6814702,834.7633,3.587809e-07
10312.5,0.8390373,792.1177,4.5070982e-07
10324.21875,4.575159,735.3583,5.8769865e-07
10335.9375,0.5937711,776.02185,4.9366594e-07
10347.65625,-0.5426562,764.10657,4.830495e-07
10359.375,1.8944104,842.23016,5.2943983e-07
10371.09375,1.2408252,787.4462,8.4616465e-07
10382.8125,-3.2958035,694.53906,5.7778107e-07
10394.53125,-1.8158975,662.0122,7.3578246e-07
10406.25,0.58340245,643.04395,7.3955346e-07
10417.96875,-2.754419,649.1912,3.935247e-07
10429.6875,1.537755,643.0219,5.23657e-07
10441.40625,-4.03774,696.4842,6.3382606e-07
10453.125,1.5263429,706.6119,5.8525035e-07
10464.84375,-1.7842125,722.5669,6.80536e-07
10476.5625,-4.3595657,740.444,4.823147e-07
10488.28125,-1.7224545,703.8872,4.847954e-07
10500.0,-6.2942023,700.5335,6.339882e-07
10511.71875,-0.31384557,744.7276,5.37331e-07
10523.4375,2.8481693,743.5223,6.8214814e-07
10535.15625,-0.31157613,688.7145,5.7126545e-07
10546.875,-1.7145741,672.0443,7.0015597e-07
10558.59375,-0.8626837,692.8836,1.1402477e-06
10570.3125,-1.3660136,696.663,6.9798625e-07
10582.03125,-1.2970469,687.56036,4.674765e-07
10593.75,-3.9791021,729.2761,9.4439633e-07
10605.46875,-2.7866595,768.0564,6.139938e-07
10617.1875,2.6811595,756.0013,6.2598923e-07
10628.90625,1.4390748,759.9752,6.4138743e-07
10640.625,-3.7428062,724.7054,7.7865917e-07
10652.34375,-1.6534952,687.76874,9.649099e-07
10664.0625,-4.1004815,719.93536,6.418509e-07
10675.78125,1.5489644,699.7846,6.243108e-07
10687.5,-3.5076156,740.4754,6.8868405e-07
10699.21875,-1.4909565,737.89,7.6803747e-07
10710.9375,-1.1531419,745.13104,1.0805675e-06
10722.65625,0.2817018,720.0257,7.299542e-07
10734.375,2.4486847,725.3695,7.392427e-07
10746.09375,-1.352885,735.28534,6.7902744e-07
10757.8125,-1.8721888,775.3058,8.567297e-07
10769.53125,-1.6261673,782.0607,7.0774297e-07
10781.25,0.67837065,782.0662,9.574449e-07
10792.96875,-3.584982,771.2957,9.81548e-07
10804.6875,0.9633322,779.57574,9.429909e-07
10816.40625,-0.33914554,762.1839,1.2003975e-06
10828.125,1.2264762,709.2991,8.723238e-07
10839.84375,-2.110116,706.74567,1.0201455e-06
10851.5625,-1.1559513,736.35754,9.3041655e-07
10863.28125,-3.858543,768.60614,1.0225858e-06
10875.0,1.1009917,792.20996,9.920884e-07
10886.71875,2.9873176,761.8684,9.779357e-07
10898.4375,2.4006305,764.99365,8.1587064e-07
10910.15625,-4.011554,784.90753,1.0410884e-06
10921.875,1.9701526,722.82605,6.8432337e-07
10933.59375,1.3161025,690.5193,6.458981e-07
10945.3125,-2.1622198,653.6238,4.3027214e-07
10957.03125,-4.2275405,665.16846,6.3207705e-07
10968.75,-6.831496,640.8214,3.9838923e-07
10980.46875,-7.430152,668.70593,4.695405e-07
10992.1875,0.44370857,673.2888,3.8215836e-07
11003.90625,2.203282,690.9751,5.213509e-07
11015.625,-2.8361206,733.776,3.017185e-07
11027.34375,0.1035583,676.73926,4.5399898e-07
11039.0625,-2.9705756,660.3505,3.1454542e-07
11050.78125,-2.5824225,626.0714,4.7182948e-07
11062.5,-2.4232364,562.772,3.7647717e-07
11074.21875,-3.5964715,570.4751,3.9564662e-07
11085.9375,2.2906263,561.22406,3.3907102e-07
11097.65625,-3.4685023,536.7681,3.004609e-07
11109.375,-2.6736379,573.7943,4.3793003e-07
11121.09375,-1.6476196,494.58197,4.1100708e-07
11132.8125,1.2812762,543.34326,4.2748977e-07
11144.53125,-0.7086852,538.5903,3.826328e-07
11156.25,0.745167,538.8071,5.163773e-07
11167.96875,1.2682225,500.2783,7.152788e-07
11179.6875,3.4259067,486.35275,6.921409e-07
11191.40625,-1.9165792,492.26926,5.952213e-07
11203.125,-0.12093663,517.53174,9.363607e-07
11214.84375,-1.4578543,524.5497,1.0149928e-06
11226.5625,-1.6579136,500.4836,1.041912e-06
11238.28125,-0.98683715,452.03094,7.555566e-07
11250.0,0.32775092,441.8686,1.3372501e-06
11261.71875,-3.0517972,403.4752,1.5629377e-06
11273.4375,-0.0007522106,375.11176,1.7421953e-06
11285.15625,-2.1171734,349.61603,1.7411655e-06
11296.875,-3.6452608,362.92392,1.6955994e-06
11308.59375,2.0690691,351.03558,1.9956028e-06
11320.3125,1.5901022,389.41135,1.863476e-06
11332.03125,-1.2339581,381.4672,2.3384353e-06
11343.75,-2.1930587,402.29367,2.4973128e-06
11355.46875,-0.1579262,442.7086,2.0622003e-06
11367.1875,-3.881139,417.99203,2.890154e-06
11378.90625,0.45514607,444.32852,2.7667088e-06
11390.625,-1.2842426,445.50314,2.6802045e-06
11402.34375,-2.347709,507.7748,2.6420844e-06
11414.0625,3.46981,461.14212,2.5341442e-06
11425.78125,-5.0958767,434.31284,3.420355e-06
11437.5,-3.2444267,430.32547,2.858726e-06
11449.21875,-0.7555096,439.46317,2.820072e-06
11460.9375,-0.336612,451.9857,2.6903951e-06
11472.65625,1.077107,473.78146,3.246505e-06
11484.375,-0.33602408,509.69254,3.212234e-06
11496.09375,-3.2439303,489.73715,4.1825465e-06
11507.8125,-1.3694774,460.08447,3.3738595e-06
11519.53125,0.29242718,420.25885,3.3969118e-06
11531.25,-1.1445833,405.20712,3.7508396e-06
11542.96875,0.65810764,421.71692,5.4825605e-06
11554.6875,2.1878498,422.04282,5.6749486e-06
11566.40625,-1.5262249,440.5031,5.340025e-06
11578.125,-2.2571256,350.5041,6.4021137e-06
11589.84375,1.4265091,337.21466,5.5223777e-06
11601.5625,-2.4598641,323.47116,7.498373e-06
11613.28125,-6.2615404,332.69058,8.125687e-06
11625.0,-1.9917611,364.71017,7.71138e-06
11636.71875,-1.0693626,361.94812,8.2012175e-06
11648.4375,3.4651937,345.03967,8.214056e-06
11660.15625,-0.8623488,323.15933,9.435603e-06
11671.875,0.15127705,383.28214,8.221459e-06
11683.59375,0.120539844,401.1948,7.33451e-06
11695.3125,2.006539,414.9366,8.956043e-06
11707.03125,-1.2221944,380.03433,8.800219e-06
11718.75,-0.4145217,406.44263,9.787682e-06
11730.46875,-1.8970876,383.92123,9.117318e-06
11742.1875,-1.7783841,373.4399,9.086519e-06
11753.90625,-2.3331857,340.5546,8.427682e-06
11765.625,-0.8385436,328.90402,8.9723e-06
11777.34375,-2.5654926,332.15366,8.113066e-06
11789.0625,-0.5056046,328.9516,7.987172e-06
11800.78125,1.6578358,292.46252,7.174907e-06
11812.5,-1.3480315,308.84677,6.729416e-06
11824.21875,-0.6218156,264.67276,7.4208883e-06
11835.9375,4.2010183,271.5876,6.7462383e-06
11847.65625,0.008458018,242.63046,7.2018306e-06
11859.375,3.2774816,258.5806,6.2805075e-06
11871.09375,-0.07979739,285.92072,6.0214647e-06
11882.8125,-1.7434008,309.3111,5.904994e-06
11894.53125,1.3679682,365.3126,6.0908083e-06
11906.25,-2.179368,346.56497,5.6207514e-06
11917.96875,-2.3249617,343.07507,5.302636e-06
11929.6875,1.6919885,339.45193,4.788313e-06
11941.40625,0.0014042854,338.08395,5.0394856e-06
11953.125,1.6393931,379.4307,5.25468e-06
11964.84375,3.812722,360.57855,4.665354e-06
11976.5625,1.2795482,319.10507,3.4912207e-06
11988.28125,3.104437,295.37646,4.1137037e-06
12000.0,4.886221,287.52737,3.8251274e-06
12011.71875,1.6808068,297.3681,3.88265e-06
12023.4375,1.7164264,277.59573,5.0731514e-06
12035.15625,-1.5225866,283.55145,4.3756904e-06
12046.875,-0.3642863,254.03415,3.7345121e-06
12058.59375,-1.6325828,231.12195,4.3402856e-06
12070.3125,-0.03188993,240.98483,5.8689034e-06
12082.03125,3.9590335,275.0485,5.140337e-06
12093.75,1.326776,267.19736,6.244497e-06
12105.46875,-0.28591835,287.4678,6.1953456e-06
12117.1875,0.7486894,292.64267,5.6481126e-06
12128.90625,-3.7040796,304.20938,5.9182744e-06
12140.625,3.17931,268.18076,6.7655606e-06
12152.34375,-1.1071236,290.53958,6.4324545e-06
12164.0625,-0.6423263,320.58844,6.940118e-06
12175.78125,-0.37089735,285.70773,6.9831103e-06
12187.5,1.4254224,305.45453,7.591651e-06
12199.21875,-0.8980441,255.43744,8.0614755e-06
12210.9375,1.0998276,310.26456,7.277404e-06
12222.65625,1.7645777,276.78406,7.876875e-06
12234.375,1.3126979,284.8317,8.704024e-06
12246.09375,2.789471,303.55197,6.2003255e-06
12257.8125,0.6430054,355.71204,8.3759605e-06
12269.53125,3.701365,337.97995,7.839716e-06
12281.25,-2.0175176,334.4782,6.27914e-06
12292.96875,1.2983495,317.10284,6.225454e-06
12304.6875,-1.5591605,328.8735,6.7648916e-06
12316.40625,-0.6108194,289.79715,6.9489115e-06
12328.125,-2.332925,277.81726,5.216298e-06
12339.84375,-1.6393445,284.30872,5.1883467e-06
12351.5625,-3.363821,274.86243,6.0956995e-06
12363.28125,-0.5232694,299.7474,5.5080563e-06
12375.0,2.5051231,323.9063,6.3172606e-06
12386.71875,-1.1488416,383.72345,5.01477e-06
12398.4375,-0.015630245,375.22397,4.9866458e-06
12410.15625,-2.906451,380.51074,5.012376e-06
12421.875,-2.0554934,383.74994,5.5328806e-06
12433.59375,0.4409622,362.58652,6.1142423e-06
12445.3125,-3.2906916,343.29733,5.9664317e-06
12457.03125,-0.006566882,349.6418,5.9085523e-06
12468.75,2.8863094,299.2913,4.987771e-06
12480.46875,2.1694486,320.9102,5.441593e-06
12492.1875,2.1674542,336.6168,6.4730284e-06
12503.90625,0.34871674,335.219,6.302774e-06
12515.625,0.5696684,358.3142,7.5435946e-06
12527.34375,5.8632145,380.93106,7.1929467e-06
12539.0625,5.2828426,380.58133,7.730133e-06
12550.78125,-4.0980206,409.66397,7.744724e-06
12562.5,-0.40963888,412.42758,7.6179917e-06
12574.21875,-1.7377199,443.74377,7.620618e-06
12585.9375,4.7885094,444.09875,8.95056e-06
12597.65625,-1.1569837,446.67325,8.921611e-06
12609.375,0.6006923,404.02866,8.915442e-06
12621.09375,0.89420986,410.75784,9.1344955e-06
12632.8125,0.71782184,399.08423,9.411528e-06
12644.53125,4.9561076,443.61203,9.310855e-06
12656.25,-0.9125899,449.03595,9.104716e-06
12667.96875,-3.597373,426.47382,1.0739917e-05
12679.6875,-2.5653925,362.6892,9.278995e-06
12691.40625,0.31222773,367.64926,1.1238465e-05
12703.125,-1.407099,385.6517,9.628649e-06
12714.84375,-2.3310122,401.28552,1.0458188e-05
12726.5625,-1.1240835,351.9846,9.711701e-06
12738.28125,1.0006298,313.47272,8.857007e-06
12750.0,-2.9315288,276.25336,9.711249e-06
12761.71875,-5.174821,278.49377,1.1063681e-05
12773.4375,-1.0770065,249.73956,1.0450882e-05
12785.15625,1.9492266,279.851,9.377028e-06
12796.875,-0.8614216,275.26794,8.874681e-06
12808.59375,-4.139529,246.19122,9.934499e-06
12820.3125,-2.1653678,223.2362,1.1248403e-05
12832.03125,0.016317835,260.9126,1.0814302e-05
12843.75,-4.0305405,261.76712,1.0162606e-05
12855.46875,-2.3185167,264.54825,1.0735205e-05
12867.1875,3.1004188,283.58115,1.0927615e-05
12878.90625,-1.4386795,315.7277,1.0742023e-05
12890.625,-1.8726354,339.14026,1.1716649e-05
12902.34375,-0.2982056,383.01697,1.2119168e-05
12914.0625,-1.7538476,371.4896,1.3182318e-05
12925.78125,0.33296856,352.641,1.3763024e-05
12937.5,0.8844532,271.18582,1.2580875e-05
12949.21875,1.2805248,220.31107,1.3377507e-05
12960.9375,0.028657913,162.28564,1.4598499e-05
12972.65625,2.6915298,167.03638,1.4515209e-05
12984.375,-1.2681335,163.0011,1.5274263e-05
12996.09375,-0.4746111,115.214966,1.6589322e-05
13007.8125,-2.0235782,149.42871,1.65634e-05
13019.53125,-0.55643344,144.79523,1.6983464e-05
13031.25,-0.08156428,162.37842,1.6787462e-05
13042.96875,2.5086462,159.19763,1.5709338e-05
13054.6875,-1.6589245,151.31714,1.7237779e-05
13066.40625,0.64763016,173.09192,1.7453625e-05
13078.125,-1.2451472,212.28113,1.8590168e-05
13089.84375,-1.1103554,223.79306,1.8017105e-05
13101.5625,1.7168838,285.3051,1.7279515e-05
13113.28125,0.2736858,294.72952,1.8236104e-05
13125.0,0.8487569,261.89215,1.6965241e-05
13136.71875,3.3721457,293.4753,1.6193795e-05
13148.4375,3.435635,259.1078,1.4101098e-05
13160.15625,-0.6040785,244.20535,1.6007176e-05
13171.875,-0.8392409,308.98996,1.5156161e-05
13183.59375,-4.116459,267.7335,1.5884933e-05
13195.3125,-0.11926043,343.78607,1.5743535e-05
13207.03125,3.933113,336.89557,1.2899781e-05
13218.75,1.1155704,329.4348,1.4869057e-05
13230.46875,-0.07668042,320.1125,1.3753284e-05
13242.1875,1.4005053,321.34525,1.3035375e-05
13253.90625,1.1921339,309.2206,1.3712977e-05
13265.625,-1.6024396,315.81973,1.2179807e-05
13277.34375,0.115727305,374.00534,1.2626234e-05
13289.0625,3.9494345,395.8057,1.2223803e-05
13300.78125,-3.5626254,460.01355,1.16134e-05
13312.5,-0.2101475,497.62146,1.1025157e-05
13324.21875,1.0394169,507.83392,1.0027635e-05
13335.9375,-1.2633265,478.09207,1.0068652e-05
13347.65625,-0.3041728,462.0864,9.129225e-06
13359.375,2.5148692,452.90994,8.94594e-06
13371.09375,1.5264142,495.37592,9.322022e-06
13382.8125,-3.0067573,489.63745,8.795438e-06
13394.53125,-1.5538001,480.78537,8.15349e-06
13406.25,1.1015277,454.73123,7.6055694e-06
13417.96875,-0.1542525,457.6036,7.76172e-06
13429.6875,2.8967004,493.24313,6.6964726e-06
13441.40625,1.8372911,492.1554,5.6856998e-06
13453.125,-3.5966918,517.2975,5.8870733e-06
13464.84375,0.07974815,488.46777,6.3704942e-06
13476.5625,0.095479086,505.00464,5.194263e-06
13488.28125,-3.1967154,518.4221,5.390805e-06
13500.0,-0.84473366,573.0891,5.3082267e-06
13511.71875,-1.346922,613.472,3.90135e-06
13523.4375,1.7970374,611.6233,3.7881123e-06
13535.15625,-0.8650076,588.32117,4.853129e-06
13546.875,4.211518,596.89197,3.622534e-06
13558.59375,3.094671,616.09985,3.8363537e-06
13570.3125,1.1446538,614.33057,3.3898777e-06
13582.03125,-2.1687672,590.55286,3.21998e-06
13593.75,0.28202057,607.0641,2.680564e-06
13605.46875,-3.4821649,628.9023,2.674622e-06
13617.1875,-0.35671633,590.0673,2.1939861e-06
13628.90625,0.09383619,576.6375,2.3825557e-06
13640.625,-0.9011979,536.56744,2.291975e-06
13652.34375,-3.7479742,500.90955,2.540883e-06
13664.0625,1.5309188,532.9746,1.8562538e-06
13675.78125,0.6801651,538.4725,1.7225877e-06
13687.5,-5.395452,504.6176,1.6533885e-06
13699.21875,-2.9063194,507.34354,2.2131212e-06
13710.9375,-7.783571,486.28622,2.0176392e-06
13722.65625,-2.4804826,529.93494,1.7533594e-06
13734.375,-0.91219217,545.4967,1.9738452e-06
13746.09375,-1.1241329,511.8935,1.8595244e-06
13757.8125,0.99639875,495.9901,1.937658e-06
13769.53125,1.1978836,552.49207,2.010599e-06
13781.25,-1.2459671,537.8396,2.1509875e-06
13792.96875,1.3270998,566.4017,2.0818964e-06
13804.6875,-0.93293834,584.8676,2.2181587e-06
13816.40625,-0.7238873,603.03143,2.3210691e-06
13828.125,-1.8344924,595.12524,2.4230483e-06
13839.84375,-1.229489,599.6129,2.0655018e-06
13851.5625,-0.5636,638.5819,2.6439993e-06
13863.28125,-1.3426592,605.36633,2.379685e-06
13875.0,3.4938705,636.67456,2.24184e-06
13886.71875,-1.0849378,689.8812,2.283221e-06
13898.4375,-1.7607878,633.94434,2.62337e-06
13910.15625,-1.5878536,618.63696,2.905196e-06
13921.875,-1.4335767,622.299,2.709155e-06
13933.59375,1.8906817,633.8545,2.9284113e-06
13945.3125,-0.2617399,663.95233,2.4096817e-06
13957.03125,0.11006069,615.55347,2.198659e-06
13968.75,-2.3590143,593.91754,2.5615745e-06
13980.46875,-2.0795467,648.2103,2.1956366e-06
13992.1875,0.42324364,657.75916,2.1844705e-06
14003.90625,0.28526708,636.0658,2.71173e-06
14015.625,-0.4648598,639.03735,2.3503444e-06
14027.34375,-6.4092474,586.9584,2.4453434e-06
14039.0625,-3.349649,551.0322,2.0919852e-06
14050.78125,-0.29848474,541.92255,2.5172105e-06
14062.5,0.09977479,513.95276,2.820596e-06
14074.21875,1.2928463,555.12415,3.6081776e-06
14085.9375,2.8836603,564.9408,2.7811868e-06
14097.65625,-4.527388,580.74524,3.0735357e-06
14109.375,-1.9566935,575.1197,3.6967338e-06
14121.09375,-2.0237377,581.61743,3.308719e-06
14132.8125,-2.7448828,595.49384,3.0439544e-06
14144.53125,0.69540596,557.17035,4.5716424e-06
14156.25,-0.42575485,581.9594,2.9385726e-06
14167.96875,-1.059943,561.75476,2.9762048e-06
14179.6875,-3.587739,535.95386,2.959791e-06
14191.40625,1.3442848,545.24054,4.4453436e-06
14203.125,-2.1073973,514.4102,3.4909704e-06
14214.84375,-0.49792087,473.75674,2.3411856e-06
14226.5625,-6.112106,484.36417,2.3728403e-06
14238.28125,-3.2828488,461.79803,2.941017e-06
14250.0,-4.4672313,439.84518,2.5707138e-06
14261.71875,-5.1156673,459.86276,2.4884257e-06
14273.4375,0.94137394,477.43625,3.126815e-06
14285.15625,-2.7024555,469.79462,3.1303557e-06
14296.875,-4.7191634,453.35263,3.1293323e-06
14308.59375,-3.7699928,468.39807,2.4514957e-06
14320.3125,-3.9732766,495.67618,3.2346059e-06
14332.03125,-1.1278764,511.5291,3.1480326e-06
14343.75,-2.228983,550.90173,2.3403056e-06
14355.46875,-1.6126502,589.3258,3.2451865e-06
14367.1875,3.0320926,573.81915,3.4437078e-06
14378.90625,-8.96319,565.11194,2.2703096e-06
14390.625,-2.9724073,545.86536,3.3345216e-06
14402.34375,-5.149022,521.4761,3.1482223e-06
14414.0625,-4.0067015,502.30722,3.4843529e-06
14425.78125,-0.6236796,529.15137,2.9118178e-06
14437.5,-2.498835,502.38397,2.7684941e-06
14449.21875,-6.2535543,478.83386,2.506556e-06
14460.9375,-2.6793687,520.27704,2.3027012e-06
14472.65625,-4.4130464,564.6888,2.6354712e-06
14484.375,-2.1622372,546.051,2.1405751e-06
14496.09375,-2.5711017,566.2155,2.4521394e-06
14507.8125,1.5284765,547.77814,2.0017153e-06
14519.53125,-1.2742103,533.5045,2.0105585e-06
14531.25,0.0052387714,534.1879,1.6198082e-06
14542.96875,-2.6336465,472.97488,9.960805e-07
14554.6875,0.073798746,514.51337,1.4321231e-06
14566.40625,-0.81883955,553.91046,1.2451751e-06
14578.125,-1.6800287,564.9087,8.161561e-07
14589.84375,0.43147686,518.9885,9.539542e-07
14601.5625,-1.8607844,557.36646,1.1695238e-06
14613.28125,0.40959835,588.46094,7.7315514e-07
14625.0,-2.0171738,606.14386,1.173401e-06
14636.71875,0.75231934,611.7012,8.652911e-07
14648.4375,-1.8028184,635.8275,1.0498372e-06
14660.15625,-4.2946033,610.15076,8.951203e-07
14671.875,-0.14743984,622.4152,1.1292534e-06
14683.59375,-1.8897077,635.90936,9.150271e-07
14695.3125,1.4657702,607.0293,9.2335716e-07
14707.03125,-3.7908325,659.7106,9.984932e-07
14718.75,-6.1343126,640.5314,8.5505127e-07
14730.46875,-1.4532076,587.23865,7.049535e-07
14742.1875,-1.1585104,621.29285,6.975072e-07
14753.90625,-0.5512837,676.6188,8.9182316e-07
14765.625,2.232599,651.424,7.8041336e-07
14777.34375,-4.758802,664.6931,7.2373075e-07
14789.0625,0.19524741,678.0057,7.4091054e-07
14800.78125,0.01845634,662.35925,5.664037e-07
14812.5,-1.9782279,663.89496,1.0776841e-06
14824.21875,-0.5945314,605.9231,4.6291362e-07
14835.9375,-1.2992085,640.86035,5.3186886e-07
14847.65625,-0.6208984,635.27875,7.7532945e-07
14859.375,-2.6182208,614.69775,7.504344e-07
14871.09375,-1.6549267,641.17017,3.6734903e-07
14882.8125,-0.41913825,693.44055,6.2587986e-07
14894.53125,-0.6465198,670.96313,3.0397723e-07
14906.25,1.3217535,677.3756,7.388447e-07
14917.96875,-3.2861362,698.60315,4.930014e-07
14929.6875,-1.6165944,686.92944,4.0407357e-07
14941.40625,-4.9765086,726.0716,2.9586687e-07
14953.125,-0.18142974,741.8975,4.1774425e-07
14964.84375,-4.800324,721.04785,5.575171e-07
14976.5625,-0.012152672,700.3882,3.734385e-07
14988.28125,0.3261208,675.1883,5.1152665e-07
15000.0,1.5187416,638.37573,3.7863924e-07
15011.71875,-0.9424201,654.7367,9.29526e-07
15023.4375,0.062237978,646.8248,9.540553e-07
15035.15625,-3.6238053,655.55963,1.0177853e-06
15046.875,-0.4486754,680.35657,1.1462283e-06
15058.59375,0.89270127,688.09906,1.3034737e-06
15070.3125,-4.9092526,679.5377,1.0512573e-06
15082.03125,0.38904434,697.0817,1.4897164e-06
15093.75,-1.0204415,664.69934,1.3393671e-06
15105.46875,-0.23448735,618.99,1.5589206e-06
15117.1875,-2.2460139,609.4043,2.0011305e-06
15128.90625,2.921516,595.3043,1.7632676e-06
15140.625,-0.42472804,580.8721,1.819987e-06
15152.34375,4.950046,598.93665,1.8997956e-06
15164.0625,0.7902607,534.1669,2.5728223e-06
15175.78125,-1.7099864,561.5279,2.460071e-06
15187.5,-0.8428308,526.9186,3.3717427e-06
15199.21875,-1.8276583,509.05994,2.0409295e-06
15210.9375,-3.2472658,507.32224,2.8520283e-06
15222.65625,1.0678906,514.4949,2.8025574e-06
15234.375,3.0764287,485.02988,2.5432532e-06
15246.09375,-0.0994637,472.35727,2.2049642e-06
15257.8125,0.19616698,473.67154,2.6116195e-06
15269.53125,-1.8841006,498.4246,2.672462e-06
15281.25,2.527794,484.57074,2.649579e-06
15292.96875,0.10202856,527.9187,2.0228372e-06
15304.6875,1.9973682,560.7914,2.1969431e-06
15316.40625,1.5460594,576.918,1.4007987e-06
15328.125,-2.1005123,579.4883,2.0191733e-06
15339.84375,4.110186,594.7145,1.6132752e-06
15351.5625,0.91025877,582.49084,1.2507651e-06
15363.28125,1.4315573,531.34875,1.7628225e-06
15375.0,0.31151044,526.79114,9.848129e-07
15386.71875,1.0609938,506.1859,9.849839e-07
15398.4375,-2.4967575,466.6707,9.76856e-07
15410.15625,0.29391038,468.63196,7.812976e-07
15421.875,2.2356257,456.4564,7.2428264e-07
15433.59375,2.6276498,472.28696,5.1108924e-07
15445.3125,3.1429005,404.6689,5.04878e-07
15457.03125,1.9116298,387.1682,4.5943693e-07
15468.75,-3.7789311,392.33963,6.535468e-07
15480.46875,-2.1723185,388.38394,5.000386e-07
15492.1875,-3.0019374,365.88275,6.650947e-07
15503.90625,-4.1437693,341.1384,6.543539e-07
15515.625,-0.989375,316.9709,4.9332624e-07
15527.34375,-3.2733955,322.83395,3.7957417e-07
15539.0625,-2.4384851,276.2528,5.093542e-07
15550.78125,-5.6946273,252.54126,6.1038816e-07
15562.5,-7.3854823,298.3319,4.5943017e-07
15574.21875,-3.569267,307.6955,4.3881266e-07
15585.9375,-0.48426506,304.29224,3.3205498e-07
15597.65625,-4.630291,304.39154,3.365082e-07
15609.375,0.012985885,311.6615,9.810442e-07
15621.09375,-1.3379742,338.96246,7.8904134e-07
15632.8125,-0.923032,336.33356,7.993893e-07
15644.53125,-3.6588173,327.73956,3.0361022e-07
15656.25,0.45943612,342.39587,1.0841727e-06
15667.96875,-1.098151,338.50256,7.562313e-07
15679.6875,-4.8625097,285.1853,7.9707814e-07
15691.40625,-4.177247,237.57367,1.2495343e-06
15703.125,-0.6571739,271.7696,1.1251975e-06
15714.84375,-4.6033506,298.02118,1.482141e-06
15726.5625,-3.5814393,336.4834,6.44662e-07
15738.28125,-4.0223427,403.65103,6.8066316e-07
15750.0,-2.1328914,429.56912,5.837576e-07
15761.71875,-8.167688,432.55762,8.736865e-07
15773.4375,-6.1685567,414.5915,8.497026e-07
15785.15625,-5.1794033,472.73718,9.3266164e-07
15796.875,-9.371702,475.02026,1.0972424e-06
15808.59375,-3.5454254,427.98843,9.99725e-07
15820.3125,1.2046661,463.64444,1.3348567e-06
15832.03125,-3.671196,464.99936,1.0316229e-06
15843.75,-6.052,460.50427,4.0141836e-07
15855.46875,-2.2818236,455.25107,7.867042e-07
15867.1875,-4.183071,514.83356,9.173335e-07
15878.90625,-1.043886,556.02466,6.7634954e-07
15890.625,-7.4485188,574.9549,7.38964e-07
15902.34375,-0.9236951,577.48596,9.961153e-07
15914.0625,-1.7003946,605.7904,1.0959909e-06
15925.78125,-2.1920414,632.63586,1.0231379e-06
15937.5,-3.305085,624.0205,1.0383117e-06
15949.21875,-2.2019536,659.60657,8.195415e-07
15960.9375,-4.145018,638.6034,1.040895e-06
15972.65625,-4.5367355,671.70026,1.302849e-06
15984.375,-2.3592696,644.5648,9.765832e-07
15996.09375,0.20084953,595.9785,1.3777216e-06
16007.8125,-5.637474,541.25635,1.1727927e-06
16019.53125,-0.1261521,504.15897,1.1084924e-06
16031.25,-5.1183667,522.6416,1.1956489e-06
16042.96875,-7.9002404,482.66345,7.70222e-07
16054.6875,-5.39077,418.08597,1.3016976e-06
16066.40625,-1.1965197,433.2684,1.6639389e-06
16078.125,0.59557086,388.1105,1.7012421e-06
16089.84375,-1.1261207,414.61905,1.8932434e-06
16101.5625,-2.4653273,418.79257,2.2119318e-06
16113.28125,1.6824051,397.60397,2.1385704e-06
16125.0,-0.18864366,408.164,2.3357602e-06
16136.71875,2.4845593,414.38788,2.0433952e-06
16148.4375,-3.9128022,404.25717,2.724486e-06
16160.15625,-1.9044665,398.44824,3.318685e-06
16171.875,1.1332233,429.4587,3.4521463e-06
16183.59375,-2.7738442,418.19858,3.5427993e-06
16195.3125,-1.4665794,423.4282,4.4990243e-06
16207.03125,2.510417,417.8924,4.0338673e-06
16218.75,-0.16860175,457.20145,4.4842604e-06
16230.46875,0.82008064,457.64594,5.3400904e-06
16242.1875,-2.5868015,477.79184,5.068918e-06
16253.90625,3.8626242,477.31924,4.0978794e-06
16265.625,0.66017413,464.40442,4.720673e-06
16277.34375,-1.8668668,538.92206,4.3176383e-06
16289.0625,-2.2410538,523.5878,5.6348613e-06
16300.78125,-0.10227215,528.62463,4.92549e-06
16312.5,-0.4582827,575.1118,4.6946952e-06
16324.21875,6.0555687,595.16144,5.498039e-06
16335.9375,-3.3099833,596.5552,4.5808774e-06
16347.65625,0.3960201,617.6971,3.89225e-06
16359.375,-1.9600142,689.99915,3.1547208e-06
16371.09375,-2.5054092,671.958,2.7892238e-06
16382.8125,-10.099036,694.8918,3.5736705e-06
16394.53125,-3.640582,717.00464,3.2781957e-06
16406.25,-5.241051,724.57007,3.002078e-06
16417.96875,-0.06371698,688.0314,2.9162854e-06
16429.6875,-3.551931,707.7126,2.2270951e-06
16441.40625,-3.308144,730.80725,2.2575064e-06
16453.125,-1.5210235,739.4673,1.3365013e-06
16464.84375,-0.53886974,739.4087,1.9733786e-06
16476.5625,-2.8868215,713.5358,1.4267664e-06
16488.28125,-1.8100693,759.68066,1.7253824e-06
16500.0,-2.9456503,765.57007,2.1081935e-06
16511.71875,-0.27698967,799.00757,1.8377224e-06
16523.4375,-2.6123385,853.38904,1.1620948e-06
16535.15625,-2.851606,846.99774,1.1381476e-06
16546.875,-4.4820056,848.0115,1.7760149e-06
16558.59375,-1.6118975,874.79346,1.4653488e-06
16570.3125,1.9615035,834.1022,1.7702355e-06
16582.03125,-3.311648,851.6226,1.4539081e-06
16593.75,-1.6066349,842.8812,1.4514713e-06
16605.46875,-2.9712386,800.0594,1.788672e-06
16617.1875,-1.4351804,783.6577,1.8987427e-06
16628.90625,-1.3590326,724.9336,1.854228e-06
16640.625,-0.14429057,699.195,1.8887457e-06
16652.34375,-3.1016765,698.82623,1.4061111e-06
16664.0625,-1.5277375,708.41614,2.0609982e-06
16675.78125,-2.9659781,739.92566,2.1688143e-06
16687.5,-7.5402455,785.3511,1.8204646e-06
16699.21875,-0.646054,791.3648,2.1813512e-06
16710.9375,0.27197865,766.7942,2.3154637e-06
16722.65625,-1.7527478,725.5189,2.2870863e-06
16734.375,-2.515203,701.7692,2.036198e-06
16746.09375,-0.9543568,707.41003,1.9041335e-06
16757.8125,-1.724172,671.31335,1.9186036e-06
16769.53125,-0.22006093,691.3901,1.7675085e-06
16781.25,-2.1385155,696.8678,2.1570813e-06
16792.96875,-8.079278,675.99524,3.080985e-06
16804.6875,2.4753563,690.3208,1.378176e-06
16816.40625,3.3854856,690.4754,2.4147823e-06
16828.125,3.4847372,694.8517,1.1525519e-06
16839.84375,0.845037,681.8813,2.3635616e-06
16851.5625,-0.030986369,681.74677,1.4222301e-06
16863.28125,-2.056748,705.5014,1.6375789e-06
16875.0,2.0738697,755.54175,2.0481448e-06
16886.71875,3.5646951,764.8729,1.6100065e-06
16898.4375,1.1624736,731.8733,1.4541558e-06
16910.15625,1.8435078,668.1005,2.0565692e-06
16921.875,1.6890604,704.27515,2.3721577e-06
16933.59375,1.1860359,738.9417,1.8540509e-06
16945.3125,2.4195485,738.03424,1.0892761e-06
16957.03125,2.0875096,734.8546,2.5577394e-06
16968.75,-3.740079,704.0989,2.8557179e-06
16980.46875,2.4713395,745.4221,3.0083993e-06
16992.1875,2.0237107,760.7061,3.9653733e-06
17003.90625,-0.53313637,732.4717,5.025719e-06
17015.625,-0.26589864,776.73505,4.866606e-06
17027.34375,2.5857515,789.0,5.2024006e-06
17039.0625,1.1543059,770.4223,6.6717216e-06
17050.78125,-2.1135452,824.2557,6.5888903e-06
17062.5,-0.38504955,799.12933,8.390127e-06
17074.21875,-1.1955725,809.0189,9.314613e-06
17085.9375,-1.6918869,811.53375,1.0386238e-05
17097.65625,1.1683941,851.59937,1.0461838e-05
17109.375,-3.7028012,899.79987,1.0570669e-05
17121.09375,1.1025745,904.3947,1.2240604e-05
17132.8125,2.8900173,906.25836,1.2677593e-05
17144.53125,3.518282,940.8945,1.1228519e-05
17156.25,-1.2303468,967.3368,1.0393766e-05
17167.96875,-2.6187084,1007.6572,1.2507148e-05
17179.6875,2.2207546,1075.3999,1.2880559e-05
17191.40625,-0.63225806,1074.833,1.5062944e-05
17203.125,0.17196488,1094.4086,1.2007554e-05
17214.84375,-3.371141,1084.2955,1.165672e-05
17226.5625,2.2042317,1052.4867,9.382205e-06
17238.28125,0.21419656,1101.2386,1.0998617e-05
17250.0,4.566618,1101.7103,1.0264983e-05
17261.71875,0.3380611,1133.2776,9.817019e-06
17273.4375,-1.724089,1144.2615,1.0362866e-05
17285.15625,-1.2528241,1139.267,1.0021223e-05
17296.875,0.20189846,1086.0259,8.6023165e-06
17308.59375,7.3241277,1036.3615,1.2779304e-05
17320.3125,2.010855,999.6901,1.2932435e-05
17332.03125,0.079174995,1045.1302,1.2754982e-05
17343.75,2.1848724,1048.0922,1.2857629e-05
17355.46875,-1.7961607,1062.0459,1.4200558e-05
17367.1875,-2.366363,1007.223,1.4666177e-05
17378.90625,-3.2729313,991.6916,1.3119008e-05
17390.625,0.03238094,1044.7753,1.5108144e-05
17402.34375,1.1616237,1044.1798,1.584126e-05
17414.0625,-3.6810095,1064.3937,1.3810991e-05
17425.78125,2.0446358,1015.50476,1.9671812e-05
17437.5,2.924153,971.27905,1.4614749e-05
17449.21875,-0.9854735,943.7245,1.3885461e-05
17460.9375,-1.6055404,923.99664,1.26037885e-05
17472.65625,0.13460064,954.85614,1.3996003e-05
17484.375,-3.4415357,979.4049,1.2764472e-05
17496.09375,0.021289825,951.9689,1.064713e-05
17507.8125,-3.4647522,898.6378,1.1144104e-05
17519.53125,-0.3380556,939.513,1.0454443e-05
17531.25,-4.0286613,925.6478,1.0299918e-05
17542.96875,3.5926535,928.5163,1.0114761e-05
17554.6875,-0.9569623,926.2411,1.3069006e-05
17566.40625,0.11065686,968.51416,9.688866e-06
17578.125,-6.7529035,992.81714,9.61771e-06
17589.84375,-1.0405061,991.12524,1.1094594e-05
17601.5625,-0.4321264,978.7074,1.23376385e-05
17613.28125,-0.1584325,974.99335,1.1049862e-05
17625.0,-6.3295107,998.03265,1.2472091e-05
17636.71875,-5.2142487,950.85895,1.1134136e-05
17648.4375,-1.2488543,985.69336,1.3522168e-05
17660.15625,-1.3999501,959.34283,1.3358708e-05
17671.875,0.5228806,977.9706,1.1190729e-05
17683.59375,-4.242757,964.3616,1.0678843e-05
17695.3125,-2.810207,981.6956,1.3324365e-05
17707.03125,-2.2757008,999.383,1.4401657e-05
17718.75,-1.632463,991.2857,1.24022745e-05
17730.46875,0.22413686,993.63354,1.3515465e-05
17742.1875,0.1090306,1035.818,1.2115978e-05
17753.90625,1.027006,1008.46796,1.1750109e-05
17765.625,-0.2122736,1036.9186,1.2356622e-05
17777.34375,3.4042406,1026.4342,9.902227e-06
17789.0625,-8.244299,1008.2308,1.1076342e-05
17800.78125,2.1724231,1013.0139,1.1873156e-05
17812.5,-2.5753837,980.9844,9.605742e-06
17824.21875,-1.8430276,1012.21173,1.2907135e-05
17835.9375,-3.739632,1036.487,8.814985e-06
17847.65625,-1.9060135,1030.6013,1.338713e-05
17859.375,1.3105338,1012.47595,1.45836175e-05
17871.09375,2.4528935,980.7058,1.47963065e-05
17882.8125,0.22815573,954.6138,1.340903e-05
17894.53125,1.5252767,1000.618,1.5056553e-05
17906.25,-2.949752,1031.9583,1.6154656e-05
17917.96875,-1.6416149,1025.1016,1.5509548e-05
17929.6875,-0.6901249,1087.367,1.8933826e-05
17941.40625,0.47581542,1094.6179,1.977013e-05
17953.125,0.13771987,1096.5131,1.8308308e-05
17964.84375,0.7944415,1105.6908,1.8856608e-05
17976.5625,0.8902392,1104.281,1.8400622e-05
17988.28125,-2.9638321,1132.1569,1.8726623e-05
18000.0,1.2404575,1155.6799,1.8392431e-05
18011.71875,-1.9638615,1114.0703,1.9377496e-05
18023.4375,-0.51114994,1108.4537,1.7678783e-05
18035.15625,0.55440855,1138.2347,1.7600063e-05
18046.875,1.0967827,1195.9827,1.7969942e-05
18058.59375,3.4645572,1165.236,1.5693651e-05
18070.3125,5.3358793,1193.6082,1.6183443e-05
18082.03125,-2.1498153,1212.7788,1.7113873e-05
18093.75,1.9895849,1236.5748,1.32497125e-05
18105.46875,1.9204626,1251.1772,1.40158045e-05
18117.1875,-5.2127857,1227.4021,1.4250775e-05
18128.90625,2.3486607,1205.52,1.7053837e-05
18140.625,6.2295604,1202.4043,1.8186669e-05
18152.34375,5.631152,1205.043,1.9312243e-05
18164.0625,1.364351,1237.3324,2.1759688e-05
18175.78125,2.7199175,1243.2731,2.2833294e-05
18187.5,-1.5234752,1240.4066,2.6248848e-05
18199.21875,2.529001,1227.2305,2.6343034e-05
18210.9375,-3.3555515,1246.2095,3.0372214e-05
18222.65625,-1.8413284,1319.8105,3.293308e-05
18234.375,-1.6243815,1346.9714,3.571604e-05
18246.09375,2.0371187,1333.891,3.3707365e-05
18257.8125,-0.76248956,1340.1771,3.91623e-05
18269.53125,1.156881,1374.867,3.7488222e-05
18281.25,3.8189602,1380.3517,4.0253275e-05
18292.96875,-1.6930089,1395.384,4.4265315e-05
18304.6875,-0.6911547,1399.0781,4.418965e-05
18316.40625,1.3055294,1427.492,4.7794314e-05
18328.125,-0.44572276,1427.9342,4.758712e-05
18339.84375,-0.13356769,1450.3417,4.729769e-05
18351.5625,-1.3031452,1483.302,4.856575e-05
18363.28125,-4.65841,1503.1602,5.1127186e-05
18375.0,-0.20382616,1543.3289,5.1444924e-05
18386.71875,1.0850106,1513.0232,5.0732113e-05
18398.4375,-0.7242389,1514.8594,5.4239365e-05
18410.15625,-2.6750731,1483.0057,5.1343937e-05
18421.875,-2.3961544,1482.7139,5.604958e-05
18433.59375,-0.2386527,1465.6156,5.4751166e-05
18445.3125,-4.568277,1441.083,5.5578956e-05
18457.03125,-0.8486191,1453.7706,5.886565e-05
18468.75,-1.7769868,1455.2076,5.9911123e-05
18480.46875,-0.06462169,1410.1914,5.6601875e-05
18492.1875,-2.6326447,1384.2814,5.807357e-05
18503.90625,-3.1118593,1395.6995,5.980778e-05
18515.625,-2.6974561,1377.1924,6.0199418e-05
18527.34375,-2.899399,1416.5542,5.9528633e-05
18539.0625,1.0829662,1453.5173,6.39354e-05
18550.78125,-1.9790468,1434.0574,6.4289496e-05
18562.5,-0.6826838,1416.7358,5.7906225e-05
18574.21875,-1.1164322,1422.4663,5.879616e-05
18585.9375,0.5178029,1419.6659,5.762705e-05
18597.65625,-6.376789,1407.5735,5.768884e-05
18609.375,1.87005,1425.3293,5.5867356e-05
18621.09375,2.9277267,1433.6964,5.2528023e-05
18632.8125,-0.7101167,1431.1561,5.3885826e-05
18644.53125,0.9370611,1479.9243,4.9707294e-05
18656.25,1.339337,1460.8965,5.0062205e-05
18667.96875,-1.2726358,1428.6057,4.987617e-05
18679.6875,-0.74600357,1393.463,4.524295e-05
18691.40625,-0.7005874,1375.1903,4.315151e-05
18703.125,-0.70719314,1317.9612,4.1720243e-05
18714.84375,0.21089178,1292.9613,4.0025043e-05
18726.5625,-4.080971,1303.3013,3.730088e-05
18738.28125,3.6767664,1247.0458,3.4850975e-05
18750.0,1.0819762,1243.587,3.3817912e-05
18761.71875,0.69522196,1203.1726,3.274731e-05
18773.4375,-0.680036,1229.6461,2.9316137e-05
18785.15625,-0.12436426,1239.3345,3.2323027e-05
18796.875,1.8915122,1242.343,2.8938448e-05
18808.59375,-3.8770058,1219.3063,2.3780689e-05
18820.3125,-0.4520832,1233.3547,2.5897561e-05
18832.03125,0.75784624,1234.6931,2.6354193e-05
18843.75,-0.12219262,1217.0146,2.3157301e-05
18855.46875,0.88069785,1254.5177,2.069429e-05
18867.1875,4.948916,1270.0837,2.1180109e-05
18878.90625,-0.98220533,1277.1216,1.8602896e-05
18890.625,-1.2297758,1303.5491,1.44104015e-05
18902.34375,-1.9049205,1248.3785,1.3729443e-05
18914.0625,-1.7541578,1226.9928,1.1741548e-05
18925.78125,0.31238222,1166.1274,1.0755754e-05
18937.5,-4.8753233,1186.7422,7.431649e-06
18949.21875,1.0401622,1163.394,7.03355e-06
18960.9375,2.5858746,1142.5896,5.2245905e-06
18972.65625,0.15562844,1116.9381,5.872107e-06
18984.375,-2.5550344,1180.0536,3.8909284e-06
18996.09375,1.8596299,1203.9182,3.4426942e-06
19007.8125,-2.8187246,1242.6903,2.4776318e-06
19019.53125,-4.7980714,1231.3405,2.3034834e-06
19031.25,-1.003729,1239.3774,2.0119685e-06
19042.96875,1.8884912,1196.5863,2.3696116e-06
19054.6875,-3.0166845,1191.3682,1.5358659e-06
19066.40625,-3.972447,1240.468,1.1750184e-06
19078.125,0.7314763,1282.7888,1.7738153e-06
19089.84375,-1.7454656,1313.4124,1.0098078e-06
19101.5625,-1.2631369,1335.1494,8.171368e-07
19113.28125,-2.604209,1378.9746,9.684907e-07
19125.0,-2.3427548,1398.0272,1.4897548e-06
19136.71875,-0.69275564,1371.1283,7.0228583e-07
19148.4375,-5.3479185,1338.0769,8.8297827e-07
19160.15625,-1.0795184,1402.716,7.8277577e-07
19171.875,-2.4024003,1430.8232,9.1120455e-07
19183.59375,-0.06002158,1482.232,7.515306e-07
19195.3125,0.4972941,1456.0901,3.905198e-07
19207.03125,-2.05136,1430.577,6.8893877e-07
19218.75,0.1736229,1440.6716,4.5674497e-07
19230.46875,-1.5394671,1400.0454,7.063336e-07
19242.1875,0.21534753,1472.9532,4.547539e-07
19253.90625,3.5280104,1474.7349,2.918375e-07
19265.625,1.825069,1497.1385,3.6310604e-07
19277.34375,1.250305,1474.9222,3.3185012e-07
19289.0625,-3.9355168,1495.4486,3.3104337e-07
19300.78125,-3.8549955,1499.5907,3.0723695e-07
19312.5,2.0199637,1516.4136,2.7551556e-07
19324.21875,-1.3516062,1508.8417,2.6153873e-07
19335.9375,2.3094907,1523.1147,3.1948557e-07
19347.65625,-0.62624985,1485.74,5.513569e-07
19359.375,4.1842875,1532.5144,2.8528214e-07
19371.09375,0.6222145,1522.4149,2.0416664e-07
19382.8125,1.23322,1551.184,3.9959633e-07
19394.53125,-1.4981683,1521.0422,3.580471e-07
19406.25,2.216419,1561.3306,3.052526e-07
19417.96875,0.42841715,1601.8647,3.0369353e-07
19429.6875,-3.3732474,1581.5208,3.7390996e-07
19441.40625,-0.6365499,1600.1145,4.1090007e-07
19453.125,-0.5200592,1614.0508,4.4462064e-07
19464.84375,1.0189921,1595.6028,8.299528e-07
19476.5625,-5.4418626,1609.3845,4.442863e-07
19488.28125,-1.4756457,1584.0908,3.0566136e-07
19500.0,-8.671365,1578.133,3.2380512e-07
19511.71875,-2.056268,1635.5786,6.632862e-07
19523.4375,1.401891,1650.7887,5.1997085e-07
19535.15625,-2.2930503,1662.4823,4.7551e-07
19546.875,-3.9694405,1675.0247,4.3551427e-07
19558.59375,-4.2315063,1672.2334,5.089693e-07
19570.3125,-0.22169799,1661.6306,5.948724e-07
19582.03125,-7.4824677,1645.201,4.2126868e-07
19593.75,-5.956386,1671.6401,7.180665e-07
19605.46875,0.16677207,1656.272,9.0743987e-07
19617.1875,-6.0565767,1665.5543,7.819815e-07
19628.90625,-2.886021,1622.495,8.4276127e-07
19640.625,-8.725107,1631.4934,1.1254422e-06
19652.34375,-4.862205,1649.7124,8.5259154e-07
19664.0625,-4.7626176,1637.8801,1.563518e-06
19675.78125,-13.459967,1652.653,5.530795e-07
19687.5,-4.753035,1657.0413,1.2590264e-06
19699.21875,-2.5837488,1625.1635,1.354668e-06
19710.9375,-4.228788,1599.31,1.3202381e-06
19722.65625,-6.3983626,1587.7363,8.567755e-07
19734.375,-1.4617498,1591.802,1.0508775e-06
19746.09375,-5.5479374,1677.3667,1.0515915e-06
19757.8125,-1.7112303,1697.5552,1.314832e-06
19769.53125,-4.734795,1684.3237,9.43841e-07
19781.25,-6.3604784,1718.872,1.0958054e-06
19792.96875,-5.816943,1675.8446,1.9546792e-06
19804.6875,-1.3911152,1683.4064,1.0356478e-06
19816.40625,-1.2596118,1610.4214,2.0233088e-06
19828.125,-2.7343807,1594.722,1.487858e-06
19839.84375,0.25268078,1660.8053,1.7131841e-06
19851.5625,0.7457515,1684.3943,1.7275484e-06
19863.28125,3.0434988,1662.935,1.9787462e-06
19875.0,3.7374394,1689.4315,3.2765743e-06
19886.71875,11.423259,1704.6608,2.7359356e-06
19898.4375,-1.4029644,1670.6741,2.0775976e-06
19910.15625,-3.713515,1663.492,1.5893703e-06
19921.875,1.5847963,1652.4243,1.7694903e-06
19933.59375,0.004362315,1668.8677,1.8899718e-06
19945.3125,3.4421437,1691.425,2.052539e-06
19957.03125,-0.85037684,1718.5552,2.4292558e-06
19968.75,-1.3741517,1742.8099,3.210112e-06
19980.46875,-2.2590406,1758.5569,3.3025121e-06
19992.1875,-1.7459364,1765.1431,2.9214434e-06
